{
  "instance_id": "sympy__sympy-21847",
  "env_prepare": {
    "start_ts": 1766988286.6921668,
    "end_ts": 1766988403.8171754,
    "total_s": 117.12500858306885,
    "environment_class": "docker",
    "image": "docker.io/swebench/sweb.eval.x86_64.sympy_1776_sympy-21847:latest"
  },
  "steps": [
    {
      "step_index": 1,
      "query": {
        "start_ts": 1766988403.8190901,
        "first_token_ts": 1766988403.9357572,
        "last_token_ts": 1766988405.4022176,
        "prefill_s": 0.11666703224182129,
        "decode_s": 1.4664604663848877,
        "total_s": 1.583127498626709
      },
      "tool": {
        "start_ts": 1766988405.4022713,
        "action": "ls -la",
        "end_ts": 1766988405.5743701,
        "total_s": 0.17209887504577637,
        "returncode": 0
      }
    },
    {
      "step_index": 2,
      "query": {
        "start_ts": 1766988405.5769544,
        "first_token_ts": 1766988405.7602158,
        "last_token_ts": 1766988408.1579404,
        "prefill_s": 0.18326139450073242,
        "decode_s": 2.3977246284484863,
        "total_s": 2.5809860229492188
      },
      "tool": {
        "start_ts": 1766988408.1579995,
        "action": "find /testbed -type f -name \"*.py\" -exec grep -l \"def itermonomials\" {} \\;",
        "end_ts": 1766988409.6547341,
        "total_s": 1.496734619140625,
        "returncode": 0
      }
    },
    {
      "step_index": 3,
      "query": {
        "start_ts": 1766988409.6578782,
        "first_token_ts": 1766988409.8280866,
        "last_token_ts": 1766988411.7554786,
        "prefill_s": 0.17020845413208008,
        "decode_s": 1.9273920059204102,
        "total_s": 2.0976004600524902
      },
      "tool": {
        "start_ts": 1766988411.7555285,
        "action": "cat /testbed/sympy/polys/monomials.py",
        "end_ts": 1766988411.9133065,
        "total_s": 0.15777802467346191,
        "returncode": 0
      }
    },
    {
      "step_index": 4,
      "query": {
        "start_ts": 1766988411.916258,
        "first_token_ts": 1766988412.2574627,
        "last_token_ts": 1766988417.8918238,
        "prefill_s": 0.3412046432495117,
        "decode_s": 5.634361028671265,
        "total_s": 5.975565671920776
      },
      "tool": {
        "start_ts": 1766988417.8919148,
        "action": "cat <<'EOF' > reproduce_issue.py\nimport sympy as sp\nfrom sympy.polys.orderings import monomial_key\n\nx1, x2, x3 = sp.symbols('x1, x2, x3')\nstates = [x1, x2, x3]\nmax_degrees = 3\nmin_degrees = 3\nmonomials = sorted(sp.itermonomials(states, max_degrees, min_degrees=min_degrees), \n                   key=monomial_key('grlex', states))\nprint(monomials)\nEOF",
        "end_ts": 1766988418.1104612,
        "total_s": 0.21854639053344727,
        "returncode": 0
      }
    },
    {
      "step_index": 5,
      "query": {
        "start_ts": 1766988418.1123862,
        "first_token_ts": 1766988418.5867283,
        "last_token_ts": 1766988419.2141132,
        "prefill_s": 0.47434210777282715,
        "decode_s": 0.6273849010467529,
        "total_s": 1.10172700881958
      },
      "tool": {
        "start_ts": 1766988419.214192,
        "action": "python reproduce_issue.py",
        "end_ts": 1766988421.3032248,
        "total_s": 2.0890328884124756,
        "returncode": 0
      }
    },
    {
      "step_index": 6,
      "query": {
        "start_ts": 1766988421.3051257,
        "first_token_ts": 1766988421.5605338,
        "last_token_ts": 1766988427.0494535,
        "prefill_s": 0.25540804862976074,
        "decode_s": 5.488919734954834,
        "total_s": 5.744327783584595
      },
      "tool": {
        "start_ts": 1766988427.0495076,
        "action": "grep -A 50 \"def itermonomials\" /testbed/sympy/polys/monomials.py",
        "end_ts": 1766988427.2279391,
        "total_s": 0.17843151092529297,
        "returncode": 0
      }
    },
    {
      "step_index": 7,
      "query": {
        "start_ts": 1766988427.2301648,
        "first_token_ts": 1766988427.4174252,
        "last_token_ts": 1766988429.8156319,
        "prefill_s": 0.18726038932800293,
        "decode_s": 2.3982067108154297,
        "total_s": 2.5854671001434326
      },
      "tool": {
        "start_ts": 1766988429.8156836,
        "action": "grep -A 100 \"def itermonomials\" /testbed/sympy/polys/monomials.py | tail -n 100",
        "end_ts": 1766988429.9684663,
        "total_s": 0.15278267860412598,
        "returncode": 0
      }
    },
    {
      "step_index": 8,
      "query": {
        "start_ts": 1766988429.9704576,
        "first_token_ts": 1766988430.3643904,
        "last_token_ts": 1766988432.8493052,
        "prefill_s": 0.3939328193664551,
        "decode_s": 2.484914779663086,
        "total_s": 2.878847599029541
      },
      "tool": {
        "start_ts": 1766988432.8493545,
        "action": "grep -A 200 \"def itermonomials\" /testbed/sympy/polys/monomials.py | tail -n 100",
        "end_ts": 1766988433.0053663,
        "total_s": 0.15601181983947754,
        "returncode": 0
      }
    },
    {
      "step_index": 9,
      "query": {
        "start_ts": 1766988433.0080724,
        "first_token_ts": 1766988433.192155,
        "last_token_ts": 1766988441.5583007,
        "prefill_s": 0.1840825080871582,
        "decode_s": 8.366145849227905,
        "total_s": 8.550228357315063
      },
      "tool": {
        "start_ts": 1766988441.558366,
        "action": "sed -i '/if max(powers.values()) >= min_degree:/s/max(powers.values())/sum(powers.values())/' /testbed/sympy/polys/monomials.py",
        "end_ts": 1766988441.7159302,
        "total_s": 0.1575641632080078,
        "returncode": 0
      }
    },
    {
      "step_index": 10,
      "query": {
        "start_ts": 1766988441.718163,
        "first_token_ts": 1766988441.8693607,
        "last_token_ts": 1766988442.93422,
        "prefill_s": 0.1511976718902588,
        "decode_s": 1.064859390258789,
        "total_s": 1.2160570621490479
      },
      "tool": {
        "start_ts": 1766988442.9342732,
        "action": "python reproduce_issue.py",
        "end_ts": 1766988443.4363751,
        "total_s": 0.5021018981933594,
        "returncode": 0
      }
    },
    {
      "step_index": 11,
      "query": {
        "start_ts": 1766988443.4385178,
        "first_token_ts": 1766988443.59375,
        "last_token_ts": 1766988443.6960626,
        "prefill_s": 0.15523219108581543,
        "decode_s": 0.10231256484985352,
        "total_s": 0.25754475593566895
      },
      "tool": {}
    },
    {
      "step_index": 12,
      "query": {
        "start_ts": 1766988443.6968873,
        "first_token_ts": 1766988443.8113532,
        "last_token_ts": 1766988453.2616322,
        "prefill_s": 0.11446595191955566,
        "decode_s": 9.450278997421265,
        "total_s": 9.56474494934082
      },
      "tool": {
        "start_ts": 1766988453.2617123,
        "action": "cat <<'EOF' > test_edge_case.py\nimport sympy as sp\nfrom sympy.polys.orderings import monomial_key\n\nx1, x2, x3 = sp.symbols('x1, x2, x3')\nstates = [x1, x2, x3]\nmax_degrees = 4\nmin_degrees = 3\nmonomials = sorted(sp.itermonomials(states, max_degrees, min_degrees=min_degrees), \n                   key=monomial_key('grlex', states))\nprint(monomials)\nEOF",
        "end_ts": 1766988453.4262674,
        "total_s": 0.16455507278442383,
        "returncode": 0
      }
    },
    {
      "step_index": 13,
      "query": {
        "start_ts": 1766988453.4290752,
        "first_token_ts": 1766988453.539893,
        "last_token_ts": 1766988453.7353091,
        "prefill_s": 0.11081767082214355,
        "decode_s": 0.19541621208190918,
        "total_s": 0.30623388290405273
      },
      "tool": {}
    },
    {
      "step_index": 14,
      "query": {
        "start_ts": 1766988453.7363598,
        "first_token_ts": 1766988453.9260724,
        "last_token_ts": 1766988454.8628876,
        "prefill_s": 0.1897125244140625,
        "decode_s": 0.9368152618408203,
        "total_s": 1.1265277862548828
      },