{
  "instance_id": "astropy__astropy-7166",
  "env_prepare": {
    "start_ts": 1766988286.6641018,
    "end_ts": 1766988409.3882105,
    "total_s": 122.72410869598389,
    "environment_class": "docker",
    "image": "docker.io/swebench/sweb.eval.x86_64.astropy_1776_astropy-7166:latest"
  },
  "steps": [
    {
      "step_index": 1,
      "query": {
        "start_ts": 1766988409.3900871,
        "first_token_ts": 1766988409.610205,
        "last_token_ts": 1766988410.923726,
        "prefill_s": 0.22011780738830566,
        "decode_s": 1.313521146774292,
        "total_s": 1.5336389541625977
      },
      "tool": {
        "start_ts": 1766988410.9238198,
        "action": "ls -la",
        "end_ts": 1766988411.1749136,
        "total_s": 0.25109386444091797,
        "returncode": 0
      }
    },
    {
      "step_index": 2,
      "query": {
        "start_ts": 1766988411.1780086,
        "first_token_ts": 1766988411.711131,
        "last_token_ts": 1766988414.3065448,
        "prefill_s": 0.5331225395202637,
        "decode_s": 2.5954136848449707,
        "total_s": 3.1285362243652344
      },
      "tool": {
        "start_ts": 1766988414.306608,
        "action": "find /testbed -type f -name \"*.py\" -exec grep -l \"InheritDocstrings\" {} \\;",
        "end_ts": 1766988415.1812482,
        "total_s": 0.8746402263641357,
        "returncode": 0
      }
    },
    {
      "step_index": 3,
      "query": {
        "start_ts": 1766988415.1836283,
        "first_token_ts": 1766988415.4392848,
        "last_token_ts": 1766988417.6878402,
        "prefill_s": 0.25565648078918457,
        "decode_s": 2.2485554218292236,
        "total_s": 2.504211902618408
      },
      "tool": {
        "start_ts": 1766988417.6878896,
        "action": "cat /testbed/astropy/utils/misc.py | grep -A 20 \"class InheritDocstrings\"",
        "end_ts": 1766988417.8685615,
        "total_s": 0.18067193031311035,
        "returncode": 0
      }
    },
    {
      "step_index": 4,
      "query": {
        "start_ts": 1766988417.8714068,
        "first_token_ts": 1766988418.2431285,
        "last_token_ts": 1766988420.194329,
        "prefill_s": 0.3717217445373535,
        "decode_s": 1.9512004852294922,
        "total_s": 2.3229222297668457
      },
      "tool": {
        "start_ts": 1766988420.1943693,
        "action": "cat /testbed/astropy/utils/misc.py | grep -A 50 \"class InheritDocstrings\"",
        "end_ts": 1766988420.3464005,
        "total_s": 0.15203118324279785,
        "returncode": 0
      }
    },
    {
      "step_index": 5,
      "query": {
        "start_ts": 1766988420.348416,
        "first_token_ts": 1766988420.487665,
        "last_token_ts": 1766988422.2842236,
        "prefill_s": 0.13924884796142578,
        "decode_s": 1.7965586185455322,
        "total_s": 1.935807466506958
      },
      "tool": {
        "start_ts": 1766988422.284271,
        "action": "cat /testbed/astropy/utils/tests/test_misc.py | grep -A 20 \"InheritDocstrings\"",
        "end_ts": 1766988422.4639375,
        "total_s": 0.17966651916503906,
        "returncode": 0
      }
    },
    {
      "step_index": 6,
      "query": {
        "start_ts": 1766988422.4663398,
        "first_token_ts": 1766988422.8036125,
        "last_token_ts": 1766988425.0207336,
        "prefill_s": 0.33727264404296875,
        "decode_s": 2.217121124267578,
        "total_s": 2.554393768310547
      },
      "tool": {
        "start_ts": 1766988425.0207968,
        "action": "cat /testbed/astropy/utils/tests/test_misc.py | grep -A 20 \"property\" | grep -B 20 \"InheritDocstrings\"",
        "end_ts": 1766988425.2104158,
        "total_s": 0.1896190643310547,
        "returncode": 1
      }
    },
    {
      "step_index": 7,
      "query": {
        "start_ts": 1766988425.2123413,
        "first_token_ts": 1766988425.2878025,
        "last_token_ts": 1766988434.9189947,
        "prefill_s": 0.07546114921569824,
        "decode_s": 9.631192207336426,
        "total_s": 9.706653356552124
      },
      "tool": {}
    },
    {
      "step_index": 8,
      "query": {
        "start_ts": 1766988434.9199665,
        "first_token_ts": 1766988435.096388,
        "last_token_ts": 1766988436.5634167,
        "prefill_s": 0.1764216423034668,
        "decode_s": 1.4670286178588867,
        "total_s": 1.6434502601623535
      },
      "tool": {
        "start_ts": 1766988436.563452,
        "action": "python /testbed/reproduce_issue.py",
        "end_ts": 1766988436.7109764,
        "total_s": 0.14752435684204102,
        "returncode": 2
      }
    },
    {
      "step_index": 9,
      "query": {
        "start_ts": 1766988436.7130303,
        "first_token_ts": 1766988437.0530539,
        "last_token_ts": 1766988445.2521849,
        "prefill_s": 0.3400235176086426,
        "decode_s": 8.19913101196289,
        "total_s": 8.539154529571533
      },
      "tool": {
        "start_ts": 1766988445.2522457,
        "action": "cat <<'EOF' > /testbed/reproduce_issue.py\nfrom astropy.utils.misc import InheritDocstrings\n\nclass Base(metaclass=InheritDocstrings):\n    @property\n    def value(self):\n        \"This is a property docstring\"\n        return 42\n\nclass Child(Base):\n    @property\n    def value(self):\n        return 43\n\n# This should print the docstring from the parent class, but it doesn't\nprint(\"Base.value.__doc__:\", Base.value.__doc__)\nprint(\"Child.value.__doc__:\", Child.value.__doc__)\n\n# Let's also check what type these are\nprint(\"\\nTypes:\")\nprint(\"Base.value:\", type(Base.value))\nprint(\"Child.value:\", type(Child.value))\nprint(\"Is Base.value a function?\", callable(Base.value))\nprint(\"Is Child.value a function?\", callable(Child.value))\nEOF\n&& python /testbed/reproduce_issue.py",
        "end_ts": 1766988445.387919,
        "total_s": 0.13567328453063965,
        "returncode": 2
      }
    },
    {
      "step_index": 10,
      "query": {
        "start_ts": 1766988445.3897939,
        "first_token_ts": 1766988445.5693278,
        "last_token_ts": 1766988454.937098,
        "prefill_s": 0.1795339584350586,
        "decode_s": 9.367770195007324,
        "total_s": 9.547304153442383
      },
      "tool": {}
    },
    {
      "step_index": 11,
      "query": {
        "start_ts": 1766988454.938256,
        "first_token_ts": 1766988455.1305375,
        "last_token_ts": 1766988462.5348272,
        "prefill_s": 0.19228148460388184,
        "decode_s": 7.404289722442627,
        "total_s": 7.596571207046509
      },
      "tool": {
        "start_ts": 1766988462.5348754,
        "action": "cd /testbed && python -c \"\nfrom astropy.utils.misc import InheritDocstrings\n\nclass Base(metaclass=InheritDocstrings):\n    @property\n    def value(self):\n        \\\"\\\"\\\"This is a property docstring\\\"\\\"\\\"\n        return 42\n\nclass Child(Base):\n    @property\n    def value(self):\n        return 43\n\nprint('Base.value.__doc__:', Base.value.__doc__)\nprint('Child.value.__doc__:', Child.value.__doc__)\nprint('\\nTypes:')\nprint('Base.value:', type(Base.value))\nprint('Child.value:', type(Child.value))\nprint('Is Base.value a function?', callable(Base.value))\nprint('Is Child.value a function?', callable(Child.value))\n\"",
        "end_ts": 1766988462.9975533,
        "total_s": 0.4626779556274414,
        "returncode": 0
      }
    },
    {
      "step_index": 12,
      "query": {
        "start_ts": 1766988462.9998868,
        "first_token_ts": 1766988463.3667328,
        "last_token_ts": 1766988467.281305,
        "prefill_s": 0.36684608459472656,
        "decode_s": 3.914572238922119,
        "total_s": 4.281418323516846
      },
      "tool": {
        "start_ts": 1766988467.2813644,
        "action": "grep -n -A 30 \"class InheritDocstrings\" /testbed/astropy/utils/misc.py",
        "end_ts": 1766988467.4313264,
        "total_s": 0.1499619483947754,
        "returncode": 0
      }
    },
    {
      "step_index": 13,