{
  "instance_id": "matplotlib__matplotlib-24970",
  "env_prepare": {
    "start_ts": 1766988286.6724172,
    "end_ts": 1766988406.821857,
    "total_s": 120.14943981170654,
    "environment_class": "docker",
    "image": "docker.io/swebench/sweb.eval.x86_64.matplotlib_1776_matplotlib-24970:latest"
  },
  "steps": [
    {
      "step_index": 1,
      "query": {
        "start_ts": 1766988406.823977,
        "first_token_ts": 1766988407.285552,
        "last_token_ts": 1766988411.0850387,
        "prefill_s": 0.4615750312805176,
        "decode_s": 3.7994866371154785,
        "total_s": 4.261061668395996
      },
      "tool": {
        "start_ts": 1766988411.0851126,
        "action": "find /testbed -name \"colors.py\" | grep -v \"__pycache__\"",
        "end_ts": 1766988411.3288612,
        "total_s": 0.24374866485595703,
        "returncode": 0
      }
    },
    {
      "step_index": 2,
      "query": {
        "start_ts": 1766988411.3314514,
        "first_token_ts": 1766988411.752681,
        "last_token_ts": 1766988413.902061,
        "prefill_s": 0.42122960090637207,
        "decode_s": 2.1493799686431885,
        "total_s": 2.5706095695495605
      },
      "tool": {
        "start_ts": 1766988413.9021156,
        "action": "grep -n \"xa\\[xa > self.N - 1\\]\" /testbed/lib/matplotlib/colors.py",
        "end_ts": 1766988414.0737307,
        "total_s": 0.1716151237487793,
        "returncode": 0
      }
    },
    {
      "step_index": 3,
      "query": {
        "start_ts": 1766988414.0756443,
        "first_token_ts": 1766988414.2658336,
        "last_token_ts": 1766988415.4403515,
        "prefill_s": 0.19018936157226562,
        "decode_s": 1.1745178699493408,
        "total_s": 1.3647072315216064
      },
      "tool": {
        "start_ts": 1766988415.4404013,
        "action": "grep -n \"xa\\[xa < 0\\]\" /testbed/lib/matplotlib/colors.py",
        "end_ts": 1766988415.5903127,
        "total_s": 0.14991140365600586,
        "returncode": 0
      }
    },
    {
      "step_index": 4,
      "query": {
        "start_ts": 1766988415.5931516,
        "first_token_ts": 1766988415.6713545,
        "last_token_ts": 1766988416.6634028,
        "prefill_s": 0.07820296287536621,
        "decode_s": 0.9920482635498047,
        "total_s": 1.070251226425171
      },
      "tool": {
        "start_ts": 1766988416.6634426,
        "action": "grep -n \"xa\\[mask_bad\\]\" /testbed/lib/matplotlib/colors.py",
        "end_ts": 1766988416.7966661,
        "total_s": 0.1332235336303711,
        "returncode": 0
      }
    },
    {
      "step_index": 5,
      "query": {
        "start_ts": 1766988416.7988653,
        "first_token_ts": 1766988416.883638,
        "last_token_ts": 1766988418.9956117,
        "prefill_s": 0.08477258682250977,
        "decode_s": 2.111973762512207,
        "total_s": 2.196746349334717
      },
      "tool": {
        "start_ts": 1766988418.9956377,
        "action": "nl -ba /testbed/lib/matplotlib/colors.py | sed -n '720,740p'",
        "end_ts": 1766988419.2337852,
        "total_s": 0.23814749717712402,
        "returncode": 0
      }
    },
    {
      "step_index": 6,
      "query": {
        "start_ts": 1766988419.2367983,
        "first_token_ts": 1766988419.4138205,
        "last_token_ts": 1766988421.3859527,
        "prefill_s": 0.17702221870422363,
        "decode_s": 1.9721322059631348,
        "total_s": 2.1491544246673584
      },
      "tool": {
        "start_ts": 1766988421.3860185,
        "action": "nl -ba /testbed/lib/matplotlib/colors.py | sed -n '700,760p'",
        "end_ts": 1766988421.5660443,
        "total_s": 0.18002581596374512,
        "returncode": 0
      }
    },
    {
      "step_index": 7,
      "query": {
        "start_ts": 1766988421.5679016,
        "first_token_ts": 1766988421.7772083,
        "last_token_ts": 1766988423.4560783,
        "prefill_s": 0.2093067169189453,
        "decode_s": 1.6788699626922607,
        "total_s": 1.888176679611206
      },
      "tool": {
        "start_ts": 1766988423.4561272,
        "action": "grep -n \"class.*Cmap\" /testbed/lib/matplotlib/colors.py",
        "end_ts": 1766988423.651336,
        "total_s": 0.19520878791809082,
        "returncode": 1
      }
    },
    {
      "step_index": 8,
      "query": {
        "start_ts": 1766988423.6541433,
        "first_token_ts": 1766988423.9112806,
        "last_token_ts": 1766988424.9494584,
        "prefill_s": 0.2571372985839844,
        "decode_s": 1.038177728652954,
        "total_s": 1.2953150272369385
      },
      "tool": {
        "start_ts": 1766988424.9495065,
        "action": "grep -n \"class.*Map\" /testbed/lib/matplotlib/colors.py",
        "end_ts": 1766988425.117135,
        "total_s": 0.16762852668762207,
        "returncode": 0
      }
    },
    {
      "step_index": 9,
      "query": {
        "start_ts": 1766988425.1199622,
        "first_token_ts": 1766988425.2851517,
        "last_token_ts": 1766988426.641278,
        "prefill_s": 0.16518950462341309,
        "decode_s": 1.356126308441162,
        "total_s": 1.5213158130645752
      },
      "tool": {
        "start_ts": 1766988426.6413412,
        "action": "grep -n \"class ScalarMappable\" /testbed/lib/matplotlib/colors.py",
        "end_ts": 1766988426.8066275,
        "total_s": 0.16528630256652832,
        "returncode": 1
      }
    },
    {
      "step_index": 10,
      "query": {
        "start_ts": 1766988426.8085082,
        "first_token_ts": 1766988427.0652092,
        "last_token_ts": 1766988428.4101355,
        "prefill_s": 0.2567009925842285,
        "decode_s": 1.344926357269287,
        "total_s": 1.6016273498535156
      },
      "tool": {
        "start_ts": 1766988428.410185,
        "action": "grep -n \"class Colormap\" /testbed/lib/matplotlib/colors.py",
        "end_ts": 1766988428.5687904,
        "total_s": 0.15860533714294434,
        "returncode": 0
      }
    },
    {
      "step_index": 11,
      "query": {
        "start_ts": 1766988428.5707536,
        "first_token_ts": 1766988428.6592534,
        "last_token_ts": 1766988430.8522015,
        "prefill_s": 0.08849978446960449,
        "decode_s": 2.19294810295105,
        "total_s": 2.2814478874206543
      },
      "tool": {
        "start_ts": 1766988430.8522496,
        "action": "nl -ba /testbed/lib/matplotlib/colors.py | sed -n '647,700p'",
        "end_ts": 1766988431.032013,
        "total_s": 0.1797633171081543,
        "returncode": 0
      }
    },
    {
      "step_index": 12,
      "query": {
        "start_ts": 1766988431.034148,
        "first_token_ts": 1766988431.204789,
        "last_token_ts": 1766988434.3695073,
        "prefill_s": 0.1706409454345703,
        "decode_s": 3.1647183895111084,
        "total_s": 3.3353593349456787
      },
      "tool": {}
    },
    {
      "step_index": 13,
      "query": {
        "start_ts": 1766988434.3703964,
        "first_token_ts": 1766988434.6161122,
        "last_token_ts": 1766988437.4633803,
        "prefill_s": 0.24571585655212402,
        "decode_s": 2.8472681045532227,
        "total_s": 3.0929839611053467
      },
      "tool": {
        "start_ts": 1766988437.4634297,
        "action": "cat <<'EOF' > reproduce_warning.py\nimport matplotlib.pyplot as plt\nimport numpy as np\n\nplt.get_cmap()(np.empty((0, ), dtype=np.uint8))\nEOF",
        "end_ts": 1766988437.6614184,
        "total_s": 0.19798874855041504,
        "returncode": 0
      }
    },
    {
      "step_index": 14,
      "query": {
        "start_ts": 1766988437.6637976,
        "first_token_ts": 1766988437.7656512,
        "last_token_ts": 1766988438.302055,
        "prefill_s": 0.10185360908508301,
        "decode_s": 0.5364036560058594,
        "total_s": 0.6382572650909424
      },
      "tool": {
        "start_ts": 1766988438.302098,
        "action": "python reproduce_warning.py",
        "end_ts": 1766988440.6604013,
        "total_s": 2.3583033084869385,