{
  "instance_id": "sphinx-doc__sphinx-9711",
  "env_prepare": {
    "start_ts": 1766988286.6851773,
    "end_ts": 1766988385.1449952,
    "total_s": 98.45981788635254,
    "environment_class": "docker",
    "image": "docker.io/swebench/sweb.eval.x86_64.sphinx-doc_1776_sphinx-9711:latest"
  },
  "steps": [
    {
      "step_index": 1,
      "query": {
        "start_ts": 1766988385.1466453,
        "first_token_ts": 1766988385.3254676,
        "last_token_ts": 1766988387.4479427,
        "prefill_s": 0.17882227897644043,
        "decode_s": 2.1224751472473145,
        "total_s": 2.301297426223755
      },
      "tool": {
        "start_ts": 1766988387.44803,
        "action": "find /testbed -type f -name \"*.py\" | grep -v \"__pycache__\" | xargs grep -l \"needs_extensions\" || echo \"No files found with needs_extensions\"",
        "end_ts": 1766988387.6583307,
        "total_s": 0.21030068397521973,
        "returncode": 0
      }
    },
    {
      "step_index": 2,
      "query": {
        "start_ts": 1766988387.6612053,
        "first_token_ts": 1766988387.8117948,
        "last_token_ts": 1766988389.0144017,
        "prefill_s": 0.1505894660949707,
        "decode_s": 1.2026069164276123,
        "total_s": 1.353196382522583
      },
      "tool": {
        "start_ts": 1766988389.0144584,
        "action": "cat /testbed/sphinx/extension.py",
        "end_ts": 1766988389.162784,
        "total_s": 0.14832568168640137,
        "returncode": 0
      }
    },
    {
      "step_index": 3,
      "query": {
        "start_ts": 1766988389.165306,
        "first_token_ts": 1766988389.252308,
        "last_token_ts": 1766988390.4554634,
        "prefill_s": 0.08700180053710938,
        "decode_s": 1.203155517578125,
        "total_s": 1.2901573181152344
      },
      "tool": {
        "start_ts": 1766988390.4555244,
        "action": "cat /testbed/sphinx/config.py | grep -A 20 \"needs_extensions\"",
        "end_ts": 1766988390.651292,
        "total_s": 0.19576764106750488,
        "returncode": 0
      }
    },
    {
      "step_index": 4,
      "query": {
        "start_ts": 1766988390.654068,
        "first_token_ts": 1766988390.8738303,
        "last_token_ts": 1766988392.2882748,
        "prefill_s": 0.21976232528686523,
        "decode_s": 1.4144444465637207,
        "total_s": 1.634206771850586
      },
      "tool": {
        "start_ts": 1766988392.2883482,
        "action": "cat /testbed/sphinx/config.py | grep -B 10 -A 30 \"needs_extensions\"",
        "end_ts": 1766988392.4628274,
        "total_s": 0.17447924613952637,
        "returncode": 0
      }
    },
    {
      "step_index": 5,
      "query": {
        "start_ts": 1766988392.464815,
        "first_token_ts": 1766988392.828067,
        "last_token_ts": 1766988394.2124674,
        "prefill_s": 0.3632521629333496,
        "decode_s": 1.3844003677368164,
        "total_s": 1.747652530670166
      },
      "tool": {
        "start_ts": 1766988394.2125275,
        "action": "cat /testbed/sphinx/extension.py | grep -A 30 \"verify_needs_extensions\"",
        "end_ts": 1766988394.3900008,
        "total_s": 0.1774733066558838,
        "returncode": 0
      }
    },
    {
      "step_index": 6,
      "query": {
        "start_ts": 1766988394.3923388,
        "first_token_ts": 1766988394.486476,
        "last_token_ts": 1766988404.1149654,
        "prefill_s": 0.09413719177246094,
        "decode_s": 9.62848949432373,
        "total_s": 9.722626686096191
      },
      "tool": {}
    },
    {
      "step_index": 7,
      "query": {
        "start_ts": 1766988404.1159415,
        "first_token_ts": 1766988404.448271,
        "last_token_ts": 1766988405.2858884,
        "prefill_s": 0.33232951164245605,
        "decode_s": 0.8376173973083496,
        "total_s": 1.1699469089508057
      },
      "tool": {
        "start_ts": 1766988405.2859478,
        "action": "python3 reproduce_issue.py",
        "end_ts": 1766988405.4956744,
        "total_s": 0.20972657203674316,
        "returncode": 2
      }
    },
    {
      "step_index": 8,
      "query": {
        "start_ts": 1766988405.4979002,
        "first_token_ts": 1766988405.6407208,
        "last_token_ts": 1766988414.9915917,
        "prefill_s": 0.1428205966949463,
        "decode_s": 9.350870847702026,
        "total_s": 9.493691444396973
      },
      "tool": {}
    },
    {
      "step_index": 9,
      "query": {
        "start_ts": 1766988414.9924812,
        "first_token_ts": 1766988415.229672,
        "last_token_ts": 1766988420.7257433,
        "prefill_s": 0.23719072341918945,
        "decode_s": 5.4960713386535645,
        "total_s": 5.733262062072754
      },
      "tool": {
        "start_ts": 1766988420.7258332,
        "action": "cd /testbed && python3 -c \"from sphinx.extension import verify_needs_extensions; from sphinx.config import Config; from unittest.mock import MagicMock; app = MagicMock(); app.extensions = {'sphinx_gallery.gen_gallery': MagicMock(version='0.10.0')}; config = Config({'needs_extensions': {'sphinx_gallery.gen_gallery': '0.6.0'}}); try: verify_needs_extensions(app, config); print('SUCCESS'); except Exception as e: print(f'ERROR: {e}')\"",
        "end_ts": 1766988420.9016502,
        "total_s": 0.17581701278686523,
        "returncode": 1
      }
    },
    {
      "step_index": 10,
      "query": {
        "start_ts": 1766988420.9037104,
        "first_token_ts": 1766988421.049168,
        "last_token_ts": 1766988422.9710457,
        "prefill_s": 0.14545774459838867,
        "decode_s": 1.9218776226043701,
        "total_s": 2.067335367202759
      },
      "tool": {
        "start_ts": 1766988422.971093,
        "action": "cd /testbed && python3 -c \"print('0.10.0' > '0.6.0')\"",
        "end_ts": 1766988423.1327093,
        "total_s": 0.16161632537841797,
        "returncode": 0
      }
    },
    {
      "step_index": 11,
      "query": {
        "start_ts": 1766988423.1354232,
        "first_token_ts": 1766988423.244391,
        "last_token_ts": 1766988427.3385081,
        "prefill_s": 0.10896778106689453,
        "decode_s": 4.094117164611816,
        "total_s": 4.203084945678711
      },
      "tool": {
        "start_ts": 1766988427.338584,
        "action": "pip install packaging || echo \"Packaging library is already installed\"",
        "end_ts": 1766988428.144421,
        "total_s": 0.8058371543884277,
        "returncode": 0
      }
    },
    {
      "step_index": 12,
      "query": {
        "start_ts": 1766988428.1462853,
        "first_token_ts": 1766988428.2604725,
        "last_token_ts": 1766988431.6260135,
        "prefill_s": 0.11418724060058594,
        "decode_s": 3.3655409812927246,
        "total_s": 3.4797282218933105
      },
      "tool": {
        "start_ts": 1766988431.626055,
        "action": "sed -i 's/from typing import TYPE_CHECKING, Any, Dict/from typing import TYPE_CHECKING, Any, Dict\\nfrom packaging.version import parse as parse_version/' /testbed/sphinx/extension.py",
        "end_ts": 1766988431.7996666,
        "total_s": 0.17361164093017578,
        "returncode": 0
      }
    },
    {
      "step_index": 13,
      "query": {
        "start_ts": 1766988431.8014052,
        "first_token_ts": 1766988432.0090454,
        "last_token_ts": 1766988435.1361964,
        "prefill_s": 0.2076401710510254,
        "decode_s": 3.1271510124206543,
        "total_s": 3.3347911834716797
      },
      "tool": {
        "start_ts": 1766988435.136256,
        "action": "sed -i 's/if extension.version == '\\''unknown version'\\'' or reqversion > extension.version:/if extension.version == '\\''unknown version'\\'' or parse_version(reqversion) > parse_version(extension.version):/' /testbed/sphinx/extension.py",
        "end_ts": 1766988435.3062625,
        "total_s": 0.17000651359558105,
        "returncode": 0
      }
    },
    {
      "step_index": 14,
      "query": {
        "start_ts": 1766988435.3082943,
        "first_token_ts": 1766988435.76468,