{
  "instance_id": "django__django-11133",
  "env_prepare": {
    "start_ts": 1766988286.6767774,
    "end_ts": 1766988288.514321,
    "total_s": 1.8375437259674072,
    "environment_class": "docker",
    "image": "docker.io/swebench/sweb.eval.x86_64.django_1776_django-11133:latest"
  },
  "steps": [
    {
      "step_index": 1,
      "query": {
        "start_ts": 1766988288.5155082,
        "first_token_ts": 1766988289.270432,
        "last_token_ts": 1766988289.90872,
        "prefill_s": 0.7549238204956055,
        "decode_s": 0.6382880210876465,
        "total_s": 1.393211841583252
      },
      "tool": {
        "start_ts": 1766988289.9087882,
        "action": "find /testbed -type f -name \"*.py\" | grep -v \"__pycache__\" | sort",
        "end_ts": 1766988290.3758755,
        "total_s": 0.4670872688293457,
        "returncode": 0
      }
    },
    {
      "step_index": 2,
      "query": {
        "start_ts": 1766988290.3780923,
        "first_token_ts": 1766988290.5837338,
        "last_token_ts": 1766988291.426541,
        "prefill_s": 0.205641508102417,
        "decode_s": 0.8428072929382324,
        "total_s": 1.0484488010406494
      },
      "tool": {
        "start_ts": 1766988291.4265873,
        "action": "find /testbed -type f -name \"*.py\" | xargs grep -l \"class HttpResponse\" | head -5",
        "end_ts": 1766988291.8342595,
        "total_s": 0.4076721668243408,
        "returncode": 0
      }
    },
    {
      "step_index": 3,
      "query": {
        "start_ts": 1766988291.8369849,
        "first_token_ts": 1766988291.8823738,
        "last_token_ts": 1766988292.296435,
        "prefill_s": 0.04538893699645996,
        "decode_s": 0.4140613079071045,
        "total_s": 0.45945024490356445
      },
      "tool": {
        "start_ts": 1766988292.2964826,
        "action": "cat /testbed/django/http/response.py",
        "end_ts": 1766988292.4258692,
        "total_s": 0.12938666343688965,
        "returncode": 0
      }
    },
    {
      "step_index": 4,
      "query": {
        "start_ts": 1766988292.4283683,
        "first_token_ts": 1766988292.6233313,
        "last_token_ts": 1766988293.4331334,
        "prefill_s": 0.1949629783630371,
        "decode_s": 0.8098020553588867,
        "total_s": 1.0047650337219238
      },
      "tool": {
        "start_ts": 1766988293.4331815,
        "action": "grep -A 20 -B 5 \"@property\\s*def content\" /testbed/django/http/response.py",
        "end_ts": 1766988293.588099,
        "total_s": 0.15491747856140137,
        "returncode": 1
      }
    },
    {
      "step_index": 5,
      "query": {
        "start_ts": 1766988293.5900843,
        "first_token_ts": 1766988293.6475005,
        "last_token_ts": 1766988294.1449378,
        "prefill_s": 0.05741620063781738,
        "decode_s": 0.4974372386932373,
        "total_s": 0.5548534393310547
      },
      "tool": {
        "start_ts": 1766988294.1449952,
        "action": "grep -n \"def content\" /testbed/django/http/response.py",
        "end_ts": 1766988294.3036132,
        "total_s": 0.15861797332763672,
        "returncode": 0
      }
    },
    {
      "step_index": 6,
      "query": {
        "start_ts": 1766988294.3054433,
        "first_token_ts": 1766988294.3629553,
        "last_token_ts": 1766988294.8889968,
        "prefill_s": 0.05751204490661621,
        "decode_s": 0.5260415077209473,
        "total_s": 0.5835535526275635
      },
      "tool": {
        "start_ts": 1766988294.889046,
        "action": "sed -n '300,320p' /testbed/django/http/response.py",
        "end_ts": 1766988295.040573,
        "total_s": 0.15152692794799805,
        "returncode": 0
      }
    },
    {
      "step_index": 7,
      "query": {
        "start_ts": 1766988295.0433383,
        "first_token_ts": 1766988295.1134164,
        "last_token_ts": 1766988295.7567325,
        "prefill_s": 0.07007813453674316,
        "decode_s": 0.6433160305023193,
        "total_s": 0.7133941650390625
      },
      "tool": {
        "start_ts": 1766988295.7567954,
        "action": "grep -n \"def make_bytes\" /testbed/django/http/response.py",
        "end_ts": 1766988295.9262433,
        "total_s": 0.1694478988647461,
        "returncode": 0
      }
    },
    {
      "step_index": 8,
      "query": {
        "start_ts": 1766988295.9280875,
        "first_token_ts": 1766988296.0075915,
        "last_token_ts": 1766988296.3590794,
        "prefill_s": 0.07950401306152344,
        "decode_s": 0.3514878749847412,
        "total_s": 0.43099188804626465
      },
      "tool": {
        "start_ts": 1766988296.3591313,
        "action": "sed -n '220,240p' /testbed/django/http/response.py",
        "end_ts": 1766988296.5082438,
        "total_s": 0.14911246299743652,
        "returncode": 0
      }
    },
    {
      "step_index": 9,
      "query": {
        "start_ts": 1766988296.5106556,
        "first_token_ts": 1766988296.581647,
        "last_token_ts": 1766988298.8397036,
        "prefill_s": 0.07099127769470215,
        "decode_s": 2.258056640625,
        "total_s": 2.329047918319702
      },
      "tool": {}
    },
    {
      "step_index": 10,
      "query": {
        "start_ts": 1766988298.840509,
        "first_token_ts": 1766988298.9159052,
        "last_token_ts": 1766988299.2680402,
        "prefill_s": 0.07539629936218262,
        "decode_s": 0.35213494300842285,
        "total_s": 0.42753124237060547
      },
      "tool": {
        "start_ts": 1766988299.268079,
        "action": "cd /testbed && python reproduce_issue.py",
        "end_ts": 1766988299.43986,
        "total_s": 0.17178106307983398,
        "returncode": 2
      }
    },
    {
      "step_index": 11,
      "query": {
        "start_ts": 1766988299.4416742,
        "first_token_ts": 1766988299.5023718,
        "last_token_ts": 1766988300.7953775,
        "prefill_s": 0.06069755554199219,
        "decode_s": 1.2930057048797607,
        "total_s": 1.353703260421753
      },
      "tool": {
        "start_ts": 1766988300.7954404,
        "action": "cat <<'EOF' > /testbed/reproduce_issue.py\nfrom django.http import HttpResponse\n\n# String content\nresponse = HttpResponse(\"My Content\")\nprint(\"String content:\", response.content)\n\n# Bytes content\nresponse = HttpResponse(b\"My Content\")\nprint(\"Bytes content:\", response.content)\n\n# Memoryview content\nresponse = HttpResponse(memoryview(b\"My Content\"))\nprint(\"Memoryview content:\", response.content)\nEOF",
        "end_ts": 1766988300.962225,
        "total_s": 0.16678452491760254,
        "returncode": 0
      }
    },
    {
      "step_index": 12,
      "query": {
        "start_ts": 1766988300.9648786,
        "first_token_ts": 1766988301.0228393,
        "last_token_ts": 1766988301.2138927,
        "prefill_s": 0.05796074867248535,
        "decode_s": 0.1910533905029297,
        "total_s": 0.24901413917541504
      },
      "tool": {
        "start_ts": 1766988301.2139423,
        "action": "cd /testbed && python reproduce_issue.py",
        "end_ts": 1766988301.8115084,
        "total_s": 0.5975661277770996,
        "returncode": 1
      }
    },
    {
      "step_index": 13,
      "query": {
        "start_ts": 1766988301.813677,
        "first_token_ts": 1766988301.895175,
        "last_token_ts": 1766988303.6619773,
        "prefill_s": 0.0814979076385498,
        "decode_s": 1.7668023109436035,
        "total_s": 1.8483002185821533
      },
      "tool": {
        "start_ts": 1766988303.6620455,