{
  "instance_id": "sympy__sympy-16766",
  "env_prepare": {
    "start_ts": 1766988286.6738157,
    "end_ts": 1766988362.859895,
    "total_s": 76.18607926368713,
    "environment_class": "docker",
    "image": "docker.io/swebench/sweb.eval.x86_64.sympy_1776_sympy-16766:latest"
  },
  "steps": [
    {
      "step_index": 1,
      "query": {
        "start_ts": 1766988362.861364,
        "first_token_ts": 1766988362.9648576,
        "last_token_ts": 1766988364.0118268,
        "prefill_s": 0.10349369049072266,
        "decode_s": 1.0469691753387451,
        "total_s": 1.1504628658294678
      },
      "tool": {
        "start_ts": 1766988364.011882,
        "action": "find /testbed -type f -name \"*.py\" | grep -v \"__pycache__\" | xargs grep -l \"PythonCodePrinter\" | head -10",
        "end_ts": 1766988364.1871731,
        "total_s": 0.1752910614013672,
        "returncode": 0
      }
    },
    {
      "step_index": 2,
      "query": {
        "start_ts": 1766988364.1895797,
        "first_token_ts": 1766988364.2319028,
        "last_token_ts": 1766988364.8513138,
        "prefill_s": 0.04232311248779297,
        "decode_s": 0.6194109916687012,
        "total_s": 0.6617341041564941
      },
      "tool": {
        "start_ts": 1766988364.85136,
        "action": "cat /testbed/sympy/printing/pycode.py",
        "end_ts": 1766988365.009915,
        "total_s": 0.1585550308227539,
        "returncode": 0
      }
    },
    {
      "step_index": 3,
      "query": {
        "start_ts": 1766988365.011949,
        "first_token_ts": 1766988365.2030044,
        "last_token_ts": 1766988365.7898307,
        "prefill_s": 0.1910552978515625,
        "decode_s": 0.5868263244628906,
        "total_s": 0.7778816223144531
      },
      "tool": {
        "start_ts": 1766988365.7898822,
        "action": "cat /testbed/sympy/printing/codeprinter.py | head -50",
        "end_ts": 1766988365.9662018,
        "total_s": 0.17631959915161133,
        "returncode": 0
      }
    },
    {
      "step_index": 4,
      "query": {
        "start_ts": 1766988365.9684777,
        "first_token_ts": 1766988366.0425456,
        "last_token_ts": 1766988366.695537,
        "prefill_s": 0.07406783103942871,
        "decode_s": 0.652991533279419,
        "total_s": 0.7270593643188477
      },
      "tool": {
        "start_ts": 1766988366.6956327,
        "action": "cat /testbed/sympy/printing/codeprinter.py | grep -A 20 \"_print_\" | head -50",
        "end_ts": 1766988366.8572288,
        "total_s": 0.16159605979919434,
        "returncode": 0
      }
    },
    {
      "step_index": 5,
      "query": {
        "start_ts": 1766988366.859511,
        "first_token_ts": 1766988366.9535644,
        "last_token_ts": 1766988367.6486373,
        "prefill_s": 0.09405350685119629,
        "decode_s": 0.6950728893280029,
        "total_s": 0.7891263961791992
      },
      "tool": {
        "start_ts": 1766988367.6486785,
        "action": "find /testbed -type f -name \"*.py\" | xargs grep -l \"_print_Indexed\"",
        "end_ts": 1766988367.8331535,
        "total_s": 0.18447494506835938,
        "returncode": 0
      }
    },
    {
      "step_index": 6,
      "query": {
        "start_ts": 1766988367.8359096,
        "first_token_ts": 1766988367.9069872,
        "last_token_ts": 1766988368.6027071,
        "prefill_s": 0.07107758522033691,
        "decode_s": 0.6957199573516846,
        "total_s": 0.7667975425720215
      },
      "tool": {
        "start_ts": 1766988368.6027658,
        "action": "cat /testbed/sympy/printing/ccode.py | grep -A 10 \"_print_Indexed\"",
        "end_ts": 1766988368.7481375,
        "total_s": 0.145371675491333,
        "returncode": 0
      }
    },
    {
      "step_index": 7,
      "query": {
        "start_ts": 1766988368.750628,
        "first_token_ts": 1766988368.8115149,
        "last_token_ts": 1766988369.914278,
        "prefill_s": 0.06088685989379883,
        "decode_s": 1.1027631759643555,
        "total_s": 1.1636500358581543
      },
      "tool": {}
    },
    {
      "step_index": 8,
      "query": {
        "start_ts": 1766988369.915365,
        "first_token_ts": 1766988369.9902403,
        "last_token_ts": 1766988370.129591,
        "prefill_s": 0.0748753547668457,
        "decode_s": 0.13935065269470215,
        "total_s": 0.21422600746154785
      },
      "tool": {
        "start_ts": 1766988370.1296446,
        "action": "python reproduce_issue.py",
        "end_ts": 1766988370.2922401,
        "total_s": 0.16259551048278809,
        "returncode": 2
      }
    },
    {
      "step_index": 9,
      "query": {
        "start_ts": 1766988370.294107,
        "first_token_ts": 1766988370.3648462,
        "last_token_ts": 1766988371.2557352,
        "prefill_s": 0.0707392692565918,
        "decode_s": 0.8908889293670654,
        "total_s": 0.9616281986236572
      },
      "tool": {}
    },
    {
      "step_index": 10,
      "query": {
        "start_ts": 1766988371.2566278,
        "first_token_ts": 1766988371.353546,
        "last_token_ts": 1766988371.547102,
        "prefill_s": 0.09691810607910156,
        "decode_s": 0.1935560703277588,
        "total_s": 0.29047417640686035
      },
      "tool": {
        "start_ts": 1766988371.5471494,
        "action": "python /testbed/reproduce_issue.py",
        "end_ts": 1766988371.7082748,
        "total_s": 0.16112542152404785,
        "returncode": 2
      }
    },
    {
      "step_index": 11,
      "query": {
        "start_ts": 1766988371.7106838,
        "first_token_ts": 1766988371.7832832,
        "last_token_ts": 1766988372.1086423,
        "prefill_s": 0.07259941101074219,
        "decode_s": 0.3253591060638428,
        "total_s": 0.39795851707458496
      },
      "tool": {
        "start_ts": 1766988372.1087027,
        "action": "ls -la /testbed/reproduce_issue.py",
        "end_ts": 1766988372.2678843,
        "total_s": 0.1591815948486328,
        "returncode": 2
      }
    },
    {
      "step_index": 12,
      "query": {
        "start_ts": 1766988372.2707782,
        "first_token_ts": 1766988372.3399081,
        "last_token_ts": 1766988373.168085,
        "prefill_s": 0.06912994384765625,
        "decode_s": 0.8281769752502441,
        "total_s": 0.8973069190979004
      },
      "tool": {
        "start_ts": 1766988373.1681333,
        "action": "cd /testbed && cat > reproduce_issue.py << 'EOF'\nfrom sympy import *\np = IndexedBase(\"p\")\n\nprint(pycode(p[0]))\nEOF",
        "end_ts": 1766988373.328743,
        "total_s": 0.16060972213745117,
        "returncode": 0
      }
    },
    {
      "step_index": 13,
      "query": {
        "start_ts": 1766988373.3312168,
        "first_token_ts": 1766988373.4044302,
        "last_token_ts": 1766988373.7182868,
        "prefill_s": 0.07321333885192871,
        "decode_s": 0.3138566017150879,
        "total_s": 0.3870699405670166
      },
      "tool": {
        "start_ts": 1766988373.7183447,
        "action": "cd /testbed && python reproduce_issue.py",
        "end_ts": 1766988375.5466704,
        "total_s": 1.8283257484436035,
        "returncode": 0
      }
    },
    {
      "step_index": 14,
      "query": {
        "start_ts": 1766988375.5484536,
        "first_token_ts": 1766988375.6902828,
        "last_token_ts": 1766988377.7185078,
        "prefill_s": 0.141829252243042,
        "decode_s": 2.0282249450683594,
        "total_s": 2.1700541973114014
      },
      "tool": {
        "start_ts": 1766988377.7185736,
        "action": "cd /testbed && sed -i '/class PythonCodePrinter/a\\    def _print_Indexed(self, expr):\\n        base, *index = expr.args\\n        return \"{}[{}]\".format(str(base), \", \".join([self._print(ind) for ind in index]))' sympy/printing/pycode.py",
        "end_ts": 1766988377.8708036,
        "total_s": 0.15223002433776855,
        "returncode": 0
      }
    },
    {
      "step_index": 15,
      "query": {
        "start_ts": 1766988377.872778,
        "first_token_ts": 1766988377.9429271,