{
  "instance_id": "django__django-9296",
  "env_prepare": {
    "start_ts": 1766988286.6702354,
    "end_ts": 1766988357.370477,
    "total_s": 70.70024156570435,
    "environment_class": "docker",
    "image": "docker.io/swebench/sweb.eval.x86_64.django_1776_django-9296:latest"
  },
  "steps": [
    {
      "step_index": 1,
      "query": {
        "start_ts": 1766988357.3717349,
        "first_token_ts": 1766988357.4730265,
        "last_token_ts": 1766988358.2414558,
        "prefill_s": 0.10129165649414062,
        "decode_s": 0.7684292793273926,
        "total_s": 0.8697209358215332
      },
      "tool": {
        "start_ts": 1766988358.2415214,
        "action": "find /testbed -type f -name \"*.py\" | xargs grep -l \"Paginator\" | head -5",
        "end_ts": 1766988358.4706585,
        "total_s": 0.22913718223571777,
        "returncode": 0
      }
    },
    {
      "step_index": 2,
      "query": {
        "start_ts": 1766988358.4736164,
        "first_token_ts": 1766988358.5345392,
        "last_token_ts": 1766988359.2716389,
        "prefill_s": 0.060922861099243164,
        "decode_s": 0.7370996475219727,
        "total_s": 0.7980225086212158
      },
      "tool": {
        "start_ts": 1766988359.2716742,
        "action": "find /testbed -type f -name \"*.py\" | xargs grep -l \"class Paginator\" | head -5",
        "end_ts": 1766988359.4783442,
        "total_s": 0.20667004585266113,
        "returncode": 0
      }
    },
    {
      "step_index": 3,
      "query": {
        "start_ts": 1766988359.480414,
        "first_token_ts": 1766988359.539426,
        "last_token_ts": 1766988360.2270055,
        "prefill_s": 0.05901217460632324,
        "decode_s": 0.6875793933868408,
        "total_s": 0.7465915679931641
      },
      "tool": {
        "start_ts": 1766988360.2270787,
        "action": "cat /testbed/django/core/paginator.py",
        "end_ts": 1766988360.382571,
        "total_s": 0.15549230575561523,
        "returncode": 0
      }
    },
    {
      "step_index": 4,
      "query": {
        "start_ts": 1766988360.3854785,
        "first_token_ts": 1766988360.5026627,
        "last_token_ts": 1766988362.470595,
        "prefill_s": 0.11718416213989258,
        "decode_s": 1.9679322242736816,
        "total_s": 2.085116386413574
      },
      "tool": {
        "start_ts": 1766988362.4706564,
        "action": "sed -i 's/    def _check_object_list_is_ordered(self):/    def __iter__(self):\\n        for page_num in self.page_range:\\n            yield self.page(page_num)\\n\\n    def _check_object_list_is_ordered(self):/' /testbed/django/core/paginator.py",
        "end_ts": 1766988362.611215,
        "total_s": 0.14055871963500977,
        "returncode": 0
      }
    },
    {
      "step_index": 5,
      "query": {
        "start_ts": 1766988362.6131191,
        "first_token_ts": 1766988362.6840682,
        "last_token_ts": 1766988365.6017368,
        "prefill_s": 0.07094907760620117,
        "decode_s": 2.917668581008911,
        "total_s": 2.9886176586151123
      },
      "tool": {
        "start_ts": 1766988365.6018124,
        "action": "cat <<'EOF' > test_paginator_iteration.py\nfrom django.core.paginator import Paginator\n\n# Create a simple list of objects\nobjects = [f\"Item {i}\" for i in range(1, 21)]\n\n# Create a Paginator with 5 items per page\npaginator = Paginator(objects, 5)\n\n# Test iteration over pages\nprint(\"Testing iteration over Paginator pages:\")\nfor page in paginator:\n    print(f\"Page {page.number}: {list(page)}\")\n\n# Also test the traditional way using page_range for comparison\nprint(\"\\nTesting traditional page_range iteration:\")\nfor page_num in paginator.page_range:\n    page = paginator.page(page_num)\n    print(f\"Page {page.number}: {list(page)}\")\nEOF",
        "end_ts": 1766988365.7366784,
        "total_s": 0.13486599922180176,
        "returncode": 0
      }
    },
    {
      "step_index": 6,
      "query": {
        "start_ts": 1766988365.7395573,
        "first_token_ts": 1766988365.7885628,
        "last_token_ts": 1766988366.3798897,
        "prefill_s": 0.04900550842285156,
        "decode_s": 0.5913269519805908,
        "total_s": 0.6403324604034424
      },
      "tool": {
        "start_ts": 1766988366.3799362,
        "action": "cd /testbed && python test_paginator_iteration.py",
        "end_ts": 1766988366.6121979,
        "total_s": 0.23226165771484375,
        "returncode": 0
      }
    },
    {
      "step_index": 7,
      "query": {
        "start_ts": 1766988366.6143105,
        "first_token_ts": 1766988366.6938486,
        "last_token_ts": 1766988372.5925252,
        "prefill_s": 0.07953810691833496,
        "decode_s": 5.898676633834839,
        "total_s": 5.978214740753174
      },
      "tool": {
        "start_ts": 1766988372.5926082,
        "action": "cat <<'EOF' > test_paginator_edge_cases.py\nfrom django.core.paginator import Paginator\n\n# Test case 1: Empty list\nprint(\"Test case 1: Empty list\")\nempty_paginator = Paginator([], 5)\npages = list(empty_paginator)\nprint(f\"Number of pages: {len(pages)}\")\nif pages:\n    print(f\"First page: {list(pages[0])}\")\nelse:\n    print(\"No pages created\")\n\n# Test case 2: List with fewer items than per_page\nprint(\"\\nTest case 2: List with fewer items than per_page\")\nsmall_list_paginator = Paginator([\"Item 1\", \"Item 2\"], 5)\npages = list(small_list_paginator)\nprint(f\"Number of pages: {len(pages)}\")\nfor i, page in enumerate(pages):\n    print(f\"Page {i+1}: {list(page)}\")\n\n# Test case 3: List with exactly per_page items\nprint(\"\\nTest case 3: List with exactly per_page items\")\nexact_list_paginator = Paginator([\"Item 1\", \"Item 2\", \"Item 3\", \"Item 4\", \"Item 5\"], 5)\npages = list(exact_list_paginator)\nprint(f\"Number of pages: {len(pages)}\")\nfor i, page in enumerate(pages):\n    print(f\"Page {i+1}: {list(page)}\")\nEOF",
        "end_ts": 1766988372.7898643,
        "total_s": 0.19725608825683594,
        "returncode": 0
      }
    },
    {
      "step_index": 8,
      "query": {
        "start_ts": 1766988372.79192,
        "first_token_ts": 1766988372.8639996,
        "last_token_ts": 1766988373.4573412,
        "prefill_s": 0.07207965850830078,
        "decode_s": 0.593341588973999,
        "total_s": 0.6654212474822998
      },
      "tool": {
        "start_ts": 1766988373.4574053,
        "action": "cd /testbed && python test_paginator_edge_cases.py",
        "end_ts": 1766988373.6982281,
        "total_s": 0.24082279205322266,
        "returncode": 0
      }
    },
    {
      "step_index": 9,
      "query": {
        "start_ts": 1766988373.701856,
        "first_token_ts": 1766988373.8365326,
        "last_token_ts": 1766988375.9835436,
        "prefill_s": 0.13467669486999512,
        "decode_s": 2.1470110416412354,
        "total_s": 2.2816877365112305
      },
      "tool": {
        "start_ts": 1766988375.9836087,
        "action": "echo COMPLETE_TASK_AND_SUBMIT_FINAL_OUTPUT && git add -A && git diff --cached",
        "end_ts": 1766988376.5433662,
        "total_s": 0.5597574710845947,
        "returncode": 0
      }
    }
  ]
}