{
  "instance_id": "matplotlib__matplotlib-24570",
  "env_prepare": {
    "start_ts": 1766988286.673097,
    "end_ts": 1766988406.6761317,
    "total_s": 120.00303483009338,
    "environment_class": "docker",
    "image": "docker.io/swebench/sweb.eval.x86_64.matplotlib_1776_matplotlib-24570:latest"
  },
  "steps": [
    {
      "step_index": 1,
      "query": {
        "start_ts": 1766988406.6774628,
        "first_token_ts": 1766988406.9841802,
        "last_token_ts": 1766988408.8989832,
        "prefill_s": 0.3067173957824707,
        "decode_s": 1.9148030281066895,
        "total_s": 2.22152042388916
      },
      "tool": {
        "start_ts": 1766988408.8990405,
        "action": "ls -la",
        "end_ts": 1766988409.1003587,
        "total_s": 0.20131826400756836,
        "returncode": 0
      }
    },
    {
      "step_index": 2,
      "query": {
        "start_ts": 1766988409.1024191,
        "first_token_ts": 1766988409.2900214,
        "last_token_ts": 1766988411.8847015,
        "prefill_s": 0.18760228157043457,
        "decode_s": 2.594680070877075,
        "total_s": 2.7822823524475098
      },
      "tool": {
        "start_ts": 1766988411.884751,
        "action": "find /testbed -type f -name \"*.py\" | xargs grep -l \"class HPacker\" | head -5",
        "end_ts": 1766988412.1487017,
        "total_s": 0.2639505863189697,
        "returncode": 0
      }
    },
    {
      "step_index": 3,
      "query": {
        "start_ts": 1766988412.150962,
        "first_token_ts": 1766988412.3372512,
        "last_token_ts": 1766988414.6556604,
        "prefill_s": 0.18628907203674316,
        "decode_s": 2.3184092044830322,
        "total_s": 2.5046982765197754
      },
      "tool": {
        "start_ts": 1766988414.6557183,
        "action": "cat /testbed/lib/matplotlib/offsetbox.py | grep -A 50 \"class HPacker\"",
        "end_ts": 1766988414.819713,
        "total_s": 0.16399478912353516,
        "returncode": 0
      }
    },
    {
      "step_index": 4,
      "query": {
        "start_ts": 1766988414.8218513,
        "first_token_ts": 1766988414.9318225,
        "last_token_ts": 1766988417.6531332,
        "prefill_s": 0.10997128486633301,
        "decode_s": 2.721310615539551,
        "total_s": 2.831281900405884
      },
      "tool": {
        "start_ts": 1766988417.6532187,
        "action": "cat /testbed/lib/matplotlib/offsetbox.py | grep -A 30 \"_get_aligned_offsets\"",
        "end_ts": 1766988417.881362,
        "total_s": 0.22814321517944336,
        "returncode": 0
      }
    },
    {
      "step_index": 5,
      "query": {
        "start_ts": 1766988417.885053,
        "first_token_ts": 1766988418.1895776,
        "last_token_ts": 1766988420.6442504,
        "prefill_s": 0.30452466011047363,
        "decode_s": 2.4546728134155273,
        "total_s": 2.759197473526001
      },
      "tool": {
        "start_ts": 1766988420.6443112,
        "action": "cat /testbed/lib/matplotlib/offsetbox.py | grep -A 50 \"def _get_aligned_offsets\" | head -50",
        "end_ts": 1766988420.7986026,
        "total_s": 0.15429139137268066,
        "returncode": 0
      }
    },
    {
      "step_index": 6,
      "query": {
        "start_ts": 1766988420.8014565,
        "first_token_ts": 1766988420.9316165,
        "last_token_ts": 1766988433.8606453,
        "prefill_s": 0.13016009330749512,
        "decode_s": 12.929028749465942,
        "total_s": 13.059188842773438
      },
      "tool": {
        "start_ts": 1766988433.8607144,
        "action": "cat <<'EOF' > reproduce_bug.py\nimport matplotlib.pyplot as plt\nfrom matplotlib.offsetbox import DrawingArea, HPacker, VPacker, AnchoredOffsetbox, TextArea\nfrom matplotlib.patches import Rectangle\n\nda1 = DrawingArea(10, 20)\nrect1 = Rectangle((0, 0), 10, 20)\nda1.add_artist(rect1)\n\nda2 = DrawingArea(10, 30)\nrect2 = Rectangle((0, 0), 10, 30)\nda2.add_artist(rect2)\n\nalign = \"bottom\"\n\npack = HPacker(children=[da1, da2], pad=10, sep=10, align=align)\ntitle = TextArea(f\"align='{align}'\")\npack = VPacker(children=[title, pack], sep=10, pad=10, align=\"center\")\n\nbox = AnchoredOffsetbox(child=pack, loc=\"center\")\n\n_, ax = plt.subplots()\nax.add_artist(box)\nplt.savefig('bug_reproduction.png')\nEOF",
        "end_ts": 1766988434.0370362,
        "total_s": 0.17632174491882324,
        "returncode": 0
      }
    },
    {
      "step_index": 7,
      "query": {
        "start_ts": 1766988434.0390112,
        "first_token_ts": 1766988434.1933384,
        "last_token_ts": 1766988435.2313447,
        "prefill_s": 0.1543271541595459,
        "decode_s": 1.03800630569458,
        "total_s": 1.192333459854126
      },
      "tool": {
        "start_ts": 1766988435.2314065,
        "action": "cd /testbed && python reproduce_bug.py",
        "end_ts": 1766988438.4276628,
        "total_s": 3.196256399154663,
        "returncode": 0
      }
    },
    {
      "step_index": 8,
      "query": {
        "start_ts": 1766988438.4300272,
        "first_token_ts": 1766988438.9349499,
        "last_token_ts": 1766988444.723122,
        "prefill_s": 0.50492262840271,
        "decode_s": 5.788172006607056,
        "total_s": 6.293094635009766
      },
      "tool": {
        "start_ts": 1766988444.7231796,
        "action": "sed -i '/elif align in \\[\"left\", \"top\"\\]:/,/elif align in \\[\"right\", \"bottom\"\\]:/ {\n    s/\"left\", \"top\"/\"left\", \"center\"/;\n    s/\"right\", \"bottom\"/\"right\", \"baseline\"/;\n}' /testbed/lib/matplotlib/offsetbox.py",
        "end_ts": 1766988444.8950486,
        "total_s": 0.17186903953552246,
        "returncode": 0
      }
    },
    {
      "step_index": 9,
      "query": {
        "start_ts": 1766988444.897666,
        "first_token_ts": 1766988445.0858548,
        "last_token_ts": 1766988446.2260084,
        "prefill_s": 0.18818879127502441,
        "decode_s": 1.1401536464691162,
        "total_s": 1.3283424377441406
      },
      "tool": {
        "start_ts": 1766988446.2260563,
        "action": "cd /testbed && python reproduce_bug.py",
        "end_ts": 1766988446.84737,
        "total_s": 0.6213135719299316,
        "returncode": 1
      }
    },
    {
      "step_index": 10,
      "query": {
        "start_ts": 1766988446.8498397,
        "first_token_ts": 1766988447.0166366,
        "last_token_ts": 1766988453.726157,
        "prefill_s": 0.16679692268371582,
        "decode_s": 6.70952033996582,
        "total_s": 6.876317262649536
      },
      "tool": {
        "start_ts": 1766988453.7262173,
        "action": "sed -i '/def _get_aligned_offsets/,/return height, descent, offsets/ {\n    s/elif align in \\[\"left\", \"top\"\\]:/elif align in [\"left\", \"center\"]:/;\n    s/elif align in \\[\"right\", \"bottom\"\\]:/elif align in [\"right\", \"baseline\"]:/;\n    s/descent = 0./descent = max(d for h, d in hd_list)/;\n}' /testbed/lib/matplotlib/offsetbox.py",
        "end_ts": 1766988453.8770676,
        "total_s": 0.1508502960205078,
        "returncode": 0
      }
    },
    {
      "step_index": 11,
      "query": {
        "start_ts": 1766988453.8787644,
        "first_token_ts": 1766988454.070839,
        "last_token_ts": 1766988455.2637277,
        "prefill_s": 0.19207453727722168,
        "decode_s": 1.1928887367248535,
        "total_s": 1.3849632740020752
      },
      "tool": {
        "start_ts": 1766988455.2637932,
        "action": "cd /testbed && python reproduce_bug.py",
        "end_ts": 1766988455.92032,
        "total_s": 0.6565268039703369,
        "returncode": 1
      }
    },
    {
      "step_index": 12,
      "query": {
        "start_ts": 1766988455.92246,
        "first_token_ts": 1766988456.183319,
        "last_token_ts": 1766988479.9692655,
        "prefill_s": 0.26085901260375977,
        "decode_s": 23.785946369171143,
        "total_s": 24.046805381774902
      },
      "tool": {}
    },
    {
      "step_index": 13,
      "query": {
        "start_ts": 1766988479.970169,