{
  "instance_id": "scikit-learn__scikit-learn-14496",
  "env_prepare": {
    "start_ts": 1766988286.676083,
    "end_ts": 1766988375.4878154,
    "total_s": 88.8117322921753,
    "environment_class": "docker",
    "image": "docker.io/swebench/sweb.eval.x86_64.scikit-learn_1776_scikit-learn-14496:latest"
  },
  "steps": [
    {
      "step_index": 1,
      "query": {
        "start_ts": 1766988375.4895172,
        "first_token_ts": 1766988375.5990732,
        "last_token_ts": 1766988376.480273,
        "prefill_s": 0.10955595970153809,
        "decode_s": 0.881199836730957,
        "total_s": 0.9907557964324951
      },
      "tool": {
        "start_ts": 1766988376.4803278,
        "action": "find /testbed -type f -name \"*.py\" | grep -i optics",
        "end_ts": 1766988376.661755,
        "total_s": 0.1814272403717041,
        "returncode": 0
      }
    },
    {
      "step_index": 2,
      "query": {
        "start_ts": 1766988376.6636765,
        "first_token_ts": 1766988376.731582,
        "last_token_ts": 1766988378.2682624,
        "prefill_s": 0.06790542602539062,
        "decode_s": 1.5366804599761963,
        "total_s": 1.604585886001587
      },
      "tool": {
        "start_ts": 1766988378.268317,
        "action": "nl -ba /testbed/sklearn/cluster/optics_.py | grep -A 15 \"min_samples.*float\"",
        "end_ts": 1766988378.4334567,
        "total_s": 0.16513967514038086,
        "returncode": 0
      }
    },
    {
      "step_index": 3,
      "query": {
        "start_ts": 1766988378.435379,
        "first_token_ts": 1766988378.539069,
        "last_token_ts": 1766988379.6914175,
        "prefill_s": 0.10368990898132324,
        "decode_s": 1.152348518371582,
        "total_s": 1.2560384273529053
      },
      "tool": {
        "start_ts": 1766988379.691486,
        "action": "nl -ba /testbed/sklearn/cluster/optics_.py | grep -A 20 \"if min_samples <= 1:\"",
        "end_ts": 1766988379.8480384,
        "total_s": 0.15655255317687988,
        "returncode": 0
      }
    },
    {
      "step_index": 4,
      "query": {
        "start_ts": 1766988379.8505638,
        "first_token_ts": 1766988380.0231833,
        "last_token_ts": 1766988380.9103043,
        "prefill_s": 0.17261958122253418,
        "decode_s": 0.8871209621429443,
        "total_s": 1.0597405433654785
      },
      "tool": {
        "start_ts": 1766988380.9103615,
        "action": "grep -r \"n_neighbors does not take\" /testbed",
        "end_ts": 1766988381.2923424,
        "total_s": 0.38198089599609375,
        "returncode": 0
      }
    },
    {
      "step_index": 5,
      "query": {
        "start_ts": 1766988381.2952006,
        "first_token_ts": 1766988381.360558,
        "last_token_ts": 1766988382.4020953,
        "prefill_s": 0.06535744667053223,
        "decode_s": 1.0415372848510742,
        "total_s": 1.1068947315216064
      },
      "tool": {
        "start_ts": 1766988382.4021494,
        "action": "grep -A 10 \"class NearestNeighbors\" /testbed/sklearn/neighbors/base.py",
        "end_ts": 1766988382.5700161,
        "total_s": 0.16786670684814453,
        "returncode": 1
      }
    },
    {
      "step_index": 6,
      "query": {
        "start_ts": 1766988382.5718615,
        "first_token_ts": 1766988382.6229992,
        "last_token_ts": 1766988383.5144002,
        "prefill_s": 0.051137685775756836,
        "decode_s": 0.8914010524749756,
        "total_s": 0.9425387382507324
      },
      "tool": {
        "start_ts": 1766988383.5144613,
        "action": "grep -n \"def __init__\" /testbed/sklearn/neighbors/base.py | head -10",
        "end_ts": 1766988383.6617942,
        "total_s": 0.14733290672302246,
        "returncode": 0
      }
    },
    {
      "step_index": 7,
      "query": {
        "start_ts": 1766988383.6636302,
        "first_token_ts": 1766988383.8152335,
        "last_token_ts": 1766988384.8091803,
        "prefill_s": 0.15160322189331055,
        "decode_s": 0.9939467906951904,
        "total_s": 1.145550012588501
      },
      "tool": {
        "start_ts": 1766988384.8092425,
        "action": "nl -ba /testbed/sklearn/neighbors/base.py | grep -A 20 \"def __init__\"",
        "end_ts": 1766988384.9815784,
        "total_s": 0.17233586311340332,
        "returncode": 0
      }
    },
    {
      "step_index": 8,
      "query": {
        "start_ts": 1766988384.9838696,
        "first_token_ts": 1766988385.233952,
        "last_token_ts": 1766988386.238299,
        "prefill_s": 0.25008249282836914,
        "decode_s": 1.0043468475341797,
        "total_s": 1.2544293403625488
      },
      "tool": {
        "start_ts": 1766988386.2383568,
        "action": "grep -n \"_fit\" /testbed/sklearn/neighbors/base.py",
        "end_ts": 1766988386.4026716,
        "total_s": 0.16431474685668945,
        "returncode": 0
      }
    },
    {
      "step_index": 9,
      "query": {
        "start_ts": 1766988386.4045815,
        "first_token_ts": 1766988386.5975065,
        "last_token_ts": 1766988387.5662549,
        "prefill_s": 0.19292497634887695,
        "decode_s": 0.9687483310699463,
        "total_s": 1.1616733074188232
      },
      "tool": {
        "start_ts": 1766988387.5663142,
        "action": "grep -n \"n_neighbors.*int\" /testbed/sklearn/neighbors/base.py",
        "end_ts": 1766988387.7542264,
        "total_s": 0.1879122257232666,
        "returncode": 0
      }
    },
    {
      "step_index": 10,
      "query": {
        "start_ts": 1766988387.7569573,
        "first_token_ts": 1766988387.964861,
        "last_token_ts": 1766988389.520987,
        "prefill_s": 0.20790362358093262,
        "decode_s": 1.5561261177062988,
        "total_s": 1.7640297412872314
      },
      "tool": {
        "start_ts": 1766988389.5210342,
        "action": "nl -ba /testbed/sklearn/neighbors/base.py | grep -A 10 -B 10 \"n_neighbors : int\"",
        "end_ts": 1766988389.7046711,
        "total_s": 0.18363690376281738,
        "returncode": 0
      }
    },
    {
      "step_index": 11,
      "query": {
        "start_ts": 1766988389.707474,
        "first_token_ts": 1766988389.8784277,
        "last_token_ts": 1766988391.3722012,
        "prefill_s": 0.17095375061035156,
        "decode_s": 1.4937734603881836,
        "total_s": 1.6647272109985352
      },
      "tool": {
        "start_ts": 1766988391.3722644,
        "action": "nl -ba /testbed/sklearn/neighbors/base.py | grep -A 5 -B 5 \"does not take\"",
        "end_ts": 1766988391.5175378,
        "total_s": 0.14527344703674316,
        "returncode": 0
      }
    },
    {
      "step_index": 12,
      "query": {
        "start_ts": 1766988391.5195212,
        "first_token_ts": 1766988391.641532,
        "last_token_ts": 1766988398.4432685,
        "prefill_s": 0.12201070785522461,
        "decode_s": 6.80173659324646,
        "total_s": 6.923747301101685
      },
      "tool": {}
    },
    {
      "step_index": 13,
      "query": {
        "start_ts": 1766988398.4443727,
        "first_token_ts": 1766988398.6490297,
        "last_token_ts": 1766988403.01749,
        "prefill_s": 0.20465707778930664,
        "decode_s": 4.368460178375244,
        "total_s": 4.573117256164551
      },
      "tool": {
        "start_ts": 1766988403.0175383,
        "action": "cat <<'EOF' > reproduce_bug.py\nimport numpy as np\nfrom sklearn.cluster import OPTICS\n\n# Generate some sample data\ndata = np.random.rand(100, 2)\n\n# Try to instantiate OPTICS with a float min_samples\ntry:\n    clust = OPTICS(metric='minkowski', n_jobs=-1, min_samples=0.1)\n    clust.fit(data)\n    print(\"Success! No error occurred.\")\nexcept TypeError as e:\n    print(f\"Error occurred: {e}\")\nEOF && python reproduce_bug.py",
        "end_ts": 1766988403.1719167,
        "total_s": 0.15437841415405273,
        "returncode": 0
      }
    },
    {
      "step_index": 14,
      "query": {
        "start_ts": 1766988403.174682,
        "first_token_ts": 1766988403.3418677,
        "last_token_ts": 1766988408.310203,