{
  "instance_id": "django__django-12050",
  "env_prepare": {
    "start_ts": 1766988286.6771483,
    "end_ts": 1766988382.397614,
    "total_s": 95.72046566009521,
    "environment_class": "docker",
    "image": "docker.io/swebench/sweb.eval.x86_64.django_1776_django-12050:latest"
  },
  "steps": [
    {
      "step_index": 1,
      "query": {
        "start_ts": 1766988382.399172,
        "first_token_ts": 1766988382.5018835,
        "last_token_ts": 1766988383.2934885,
        "prefill_s": 0.10271143913269043,
        "decode_s": 0.7916049957275391,
        "total_s": 0.8943164348602295
      },
      "tool": {
        "start_ts": 1766988383.293571,
        "action": "ls -la",
        "end_ts": 1766988383.478937,
        "total_s": 0.18536591529846191,
        "returncode": 0
      }
    },
    {
      "step_index": 2,
      "query": {
        "start_ts": 1766988383.4817867,
        "first_token_ts": 1766988383.764783,
        "last_token_ts": 1766988385.0798314,
        "prefill_s": 0.28299617767333984,
        "decode_s": 1.3150484561920166,
        "total_s": 1.5980446338653564
      },
      "tool": {
        "start_ts": 1766988385.0798814,
        "action": "find django -type f -name \"*.py\" | xargs grep -l \"class Query\" | head -5",
        "end_ts": 1766988385.2769537,
        "total_s": 0.19707226753234863,
        "returncode": 0
      }
    },
    {
      "step_index": 3,
      "query": {
        "start_ts": 1766988385.2794554,
        "first_token_ts": 1766988385.413099,
        "last_token_ts": 1766988386.5213666,
        "prefill_s": 0.13364362716674805,
        "decode_s": 1.1082675457000732,
        "total_s": 1.2419111728668213
      },
      "tool": {
        "start_ts": 1766988386.521423,
        "action": "cat django/db/models/sql/query.py | grep -A 20 \"resolve_lookup_value\"",
        "end_ts": 1766988386.7008336,
        "total_s": 0.17941045761108398,
        "returncode": 0
      }
    },
    {
      "step_index": 4,
      "query": {
        "start_ts": 1766988386.7030995,
        "first_token_ts": 1766988386.9360569,
        "last_token_ts": 1766988387.8830485,
        "prefill_s": 0.2329573631286621,
        "decode_s": 0.9469916820526123,
        "total_s": 1.1799490451812744
      },
      "tool": {
        "start_ts": 1766988387.8831108,
        "action": "cat django/db/models/query.py | grep -A 20 \"resolve_lookup_value\"",
        "end_ts": 1766988388.0476856,
        "total_s": 0.16457486152648926,
        "returncode": 1
      }
    },
    {
      "step_index": 5,
      "query": {
        "start_ts": 1766988388.0498452,
        "first_token_ts": 1766988388.130569,
        "last_token_ts": 1766988388.760341,
        "prefill_s": 0.08072376251220703,
        "decode_s": 0.6297719478607178,
        "total_s": 0.7104957103729248
      },
      "tool": {
        "start_ts": 1766988388.7604094,
        "action": "cat django/db/models/query_utils.py | grep -A 20 \"resolve_lookup_value\"",
        "end_ts": 1766988388.947336,
        "total_s": 0.18692660331726074,
        "returncode": 1
      }
    },
    {
      "step_index": 6,
      "query": {
        "start_ts": 1766988388.9493084,
        "first_token_ts": 1766988389.1399674,
        "last_token_ts": 1766988391.7145574,
        "prefill_s": 0.1906590461730957,
        "decode_s": 2.574589967727661,
        "total_s": 2.765249013900757
      },
      "tool": {
        "start_ts": 1766988391.7146192,
        "action": "grep -n -A 30 -B 5 \"def resolve_lookup_value\" django/db/models/sql/query.py",
        "end_ts": 1766988391.8837218,
        "total_s": 0.16910266876220703,
        "returncode": 0
      }
    },
    {
      "step_index": 7,
      "query": {
        "start_ts": 1766988391.8856263,
        "first_token_ts": 1766988391.9893448,
        "last_token_ts": 1766988404.1630204,
        "prefill_s": 0.10371851921081543,
        "decode_s": 12.173675537109375,
        "total_s": 12.27739405632019
      },
      "tool": {
        "start_ts": 1766988404.1631029,
        "action": "cat <<'EOF' > reproduce_issue.py\nimport sys\nimport os\n\n# Add the current directory to the Python path\nsys.path.insert(0, os.getcwd())\n\nfrom django.db import models\nfrom django.db.models.sql.query import Query\n\n# Create a simple model with a PickledField\nclass TestModel(models.Model):\n    data = models.PickledField()\n\n    class Meta:\n        app_label = 'test_app'\n\n# Create a query instance\nquery = Query(TestModel)\n\n# Define a list value\nlist_value = [1, 2, 3]\n\n# Resolve the lookup value\nresolved_value = query.resolve_lookup_value(list_value, False, False, False)\n\n# Print the original and resolved values\nprint(f\"Original value type: {type(list_value)}\")\nprint(f\"Resolved value type: {type(resolved_value)}\")\n\n# Check if they are equal\nprint(f\"Are they equal? {list_value == resolved_value}\")\n\n# Check if they are the same type\nprint(f\"Are they the same type? {type(list_value) == type(resolved_value)}\")\nEOF",
        "end_ts": 1766988404.3803315,
        "total_s": 0.21722865104675293,
        "returncode": 0
      }
    },
    {
      "step_index": 8,
      "query": {
        "start_ts": 1766988404.3833516,
        "first_token_ts": 1766988404.5992014,
        "last_token_ts": 1766988405.4430037,
        "prefill_s": 0.2158498764038086,
        "decode_s": 0.8438022136688232,
        "total_s": 1.0596520900726318
      },
      "tool": {
        "start_ts": 1766988405.4430795,
        "action": "cd /testbed && python reproduce_issue.py",
        "end_ts": 1766988406.2771072,
        "total_s": 0.8340277671813965,
        "returncode": 1
      }
    },
    {
      "step_index": 9,
      "query": {
        "start_ts": 1766988406.2798371,
        "first_token_ts": 1766988406.4109924,
        "last_token_ts": 1766988408.659459,
        "prefill_s": 0.13115525245666504,
        "decode_s": 2.248466730117798,
        "total_s": 2.379621982574463
      },
      "tool": {
        "start_ts": 1766988408.6595187,
        "action": "find django -type f -name \"*.py\" | xargs grep -l \"PickledField\" | head -5",
        "end_ts": 1766988408.8553426,
        "total_s": 0.19582390785217285,
        "returncode": 0
      }
    },
    {
      "step_index": 10,
      "query": {
        "start_ts": 1766988408.8574162,
        "first_token_ts": 1766988409.05748,
        "last_token_ts": 1766988410.619904,
        "prefill_s": 0.20006394386291504,
        "decode_s": 1.5624239444732666,
        "total_s": 1.7624878883361816
      },
      "tool": {
        "start_ts": 1766988410.619953,
        "action": "find django -type f -name \"*.py\" | xargs grep -l \"class PickledField\" | head -5",
        "end_ts": 1766988410.838604,
        "total_s": 0.21865105628967285,
        "returncode": 0
      }
    },
    {
      "step_index": 11,
      "query": {
        "start_ts": 1766988410.8411105,
        "first_token_ts": 1766988411.7093415,
        "last_token_ts": 1766988413.22725,
        "prefill_s": 0.8682310581207275,
        "decode_s": 1.5179085731506348,
        "total_s": 2.3861396312713623
      },
      "tool": {
        "start_ts": 1766988413.2273092,
        "action": "find django/db/models -type f -name \"*.py\" | xargs grep -l \"PickledField\" | head -5",
        "end_ts": 1766988413.3883102,
        "total_s": 0.16100096702575684,
        "returncode": 0
      }
    },
    {
      "step_index": 12,
      "query": {
        "start_ts": 1766988413.3908997,
        "first_token_ts": 1766988413.5200276,
        "last_token_ts": 1766988414.7410886,
        "prefill_s": 0.12912797927856445,
        "decode_s": 1.2210609912872314,
        "total_s": 1.350188970565796
      },
      "tool": {
        "start_ts": 1766988414.741164,
        "action": "cat django/db/models/fields/__init__.py | grep -n \"PickledField\"",
        "end_ts": 1766988414.9161644,
        "total_s": 0.17500042915344238,
        "returncode": 1
      }
    },
    {
      "step_index": 13,