{
  "instance_id": "scikit-learn__scikit-learn-14141",
  "env_prepare": {
    "start_ts": 1766988286.6832657,
    "end_ts": 1766988384.9366322,
    "total_s": 98.25336647033691,
    "environment_class": "docker",
    "image": "docker.io/swebench/sweb.eval.x86_64.scikit-learn_1776_scikit-learn-14141:latest"
  },
  "steps": [
    {
      "step_index": 1,
      "query": {
        "start_ts": 1766988384.9385593,
        "first_token_ts": 1766988385.1541874,
        "last_token_ts": 1766988386.4255474,
        "prefill_s": 0.21562814712524414,
        "decode_s": 1.271359920501709,
        "total_s": 1.4869880676269531
      },
      "tool": {
        "start_ts": 1766988386.4256194,
        "action": "find /testbed -type f -name \"*.py\" | grep -v \"__pycache__\" | sort",
        "end_ts": 1766988386.6553504,
        "total_s": 0.22973108291625977,
        "returncode": 0
      }
    },
    {
      "step_index": 2,
      "query": {
        "start_ts": 1766988386.6584783,
        "first_token_ts": 1766988386.935048,
        "last_token_ts": 1766988388.4010208,
        "prefill_s": 0.27656984329223633,
        "decode_s": 1.465972661972046,
        "total_s": 1.7425425052642822
      },
      "tool": {
        "start_ts": 1766988388.4010851,
        "action": "cat /testbed/sklearn/utils/_show_versions.py",
        "end_ts": 1766988388.5740755,
        "total_s": 0.1729903221130371,
        "returncode": 0
      }
    },
    {
      "step_index": 3,
      "query": {
        "start_ts": 1766988388.5767906,
        "first_token_ts": 1766988389.0115445,
        "last_token_ts": 1766988390.8303523,
        "prefill_s": 0.4347538948059082,
        "decode_s": 1.81880784034729,
        "total_s": 2.2535617351531982
      },
      "tool": {
        "start_ts": 1766988390.8304143,
        "action": "find /testbed -type f -name \"*.rst\" | grep -i issue || find /testbed -type f -name \"*.md\" | grep -i issue",
        "end_ts": 1766988391.0207071,
        "total_s": 0.1902928352355957,
        "returncode": 0
      }
    },
    {
      "step_index": 4,
      "query": {
        "start_ts": 1766988391.0232897,
        "first_token_ts": 1766988391.301625,
        "last_token_ts": 1766988392.061942,
        "prefill_s": 0.2783353328704834,
        "decode_s": 0.7603170871734619,
        "total_s": 1.0386524200439453
      },
      "tool": {
        "start_ts": 1766988392.0620036,
        "action": "cat /testbed/ISSUE_TEMPLATE.md",
        "end_ts": 1766988392.247101,
        "total_s": 0.18509745597839355,
        "returncode": 0
      }
    },
    {
      "step_index": 5,
      "query": {
        "start_ts": 1766988392.2497566,
        "first_token_ts": 1766988392.3600752,
        "last_token_ts": 1766988393.8339827,
        "prefill_s": 0.11031866073608398,
        "decode_s": 1.473907470703125,
        "total_s": 1.584226131439209
      },
      "tool": {
        "start_ts": 1766988393.8340387,
        "action": "cat /testbed/sklearn/utils/tests/test_show_versions.py",
        "end_ts": 1766988393.988174,
        "total_s": 0.15413522720336914,
        "returncode": 0
      }
    },
    {
      "step_index": 6,
      "query": {
        "start_ts": 1766988393.9905744,
        "first_token_ts": 1766988394.0794945,
        "last_token_ts": 1766988395.345807,
        "prefill_s": 0.08892011642456055,
        "decode_s": 1.266312599182129,
        "total_s": 1.3552327156066895
      },
      "tool": {
        "start_ts": 1766988395.3458583,
        "action": "cat /testbed/sklearn/utils/_joblib.py",
        "end_ts": 1766988395.550922,
        "total_s": 0.2050635814666748,
        "returncode": 0
      }
    },
    {
      "step_index": 7,
      "query": {
        "start_ts": 1766988395.5529032,
        "first_token_ts": 1766988395.7989757,
        "last_token_ts": 1766988398.47653,
        "prefill_s": 0.24607253074645996,
        "decode_s": 2.6775543689727783,
        "total_s": 2.9236268997192383
      },
      "tool": {
        "start_ts": 1766988398.47658,
        "action": "python -c \"import sklearn; print(sklearn.__version__)\"",
        "end_ts": 1766988399.0454528,
        "total_s": 0.5688729286193848,
        "returncode": 0
      }
    },
    {
      "step_index": 8,
      "query": {
        "start_ts": 1766988399.0476484,
        "first_token_ts": 1766988399.1791148,
        "last_token_ts": 1766988402.4367492,
        "prefill_s": 0.13146638870239258,
        "decode_s": 3.257634401321411,
        "total_s": 3.3891007900238037
      },
      "tool": {
        "start_ts": 1766988402.4368215,
        "action": "sed -i 's/\"matplotlib\",/\"matplotlib\",\\n        \"joblib\",/' /testbed/sklearn/utils/_show_versions.py",
        "end_ts": 1766988402.6273448,
        "total_s": 0.19052338600158691,
        "returncode": 0
      }
    },
    {
      "step_index": 9,
      "query": {
        "start_ts": 1766988402.6296859,
        "first_token_ts": 1766988402.7440538,
        "last_token_ts": 1766988410.7280085,
        "prefill_s": 0.11436796188354492,
        "decode_s": 7.983954668045044,
        "total_s": 8.098322629928589
      },
      "tool": {}
    },
    {
      "step_index": 10,
      "query": {
        "start_ts": 1766988410.7291963,
        "first_token_ts": 1766988410.8283758,
        "last_token_ts": 1766988412.3204029,
        "prefill_s": 0.09917950630187988,
        "decode_s": 1.4920270442962646,
        "total_s": 1.5912065505981445
      },
      "tool": {
        "start_ts": 1766988412.320467,
        "action": "python verify_changes.py",
        "end_ts": 1766988412.5201175,
        "total_s": 0.19965052604675293,
        "returncode": 2
      }
    },
    {
      "step_index": 11,
      "query": {
        "start_ts": 1766988412.5227056,
        "first_token_ts": 1766988412.6220162,
        "last_token_ts": 1766988420.635987,
        "prefill_s": 0.09931063652038574,
        "decode_s": 8.013970851898193,
        "total_s": 8.113281488418579
      },
      "tool": {}
    },
    {
      "step_index": 12,
      "query": {
        "start_ts": 1766988420.6371703,
        "first_token_ts": 1766988420.7844992,
        "last_token_ts": 1766988422.6400986,
        "prefill_s": 0.14732885360717773,
        "decode_s": 1.8555994033813477,
        "total_s": 2.0029282569885254
      },
      "tool": {
        "start_ts": 1766988422.6401548,
        "action": "cd /testbed && python -c \"from sklearn.utils._show_versions import show_versions; show_versions()\"",
        "end_ts": 1766988423.531935,
        "total_s": 0.8917801380157471,
        "returncode": 0
      }
    },
    {
      "step_index": 13,
      "query": {
        "start_ts": 1766988423.534559,
        "first_token_ts": 1766988423.8328805,
        "last_token_ts": 1766988424.7298965,
        "prefill_s": 0.2983214855194092,
        "decode_s": 0.8970160484313965,
        "total_s": 1.1953375339508057
      },
      "tool": {
        "start_ts": 1766988424.7299411,
        "action": "echo COMPLETE_TASK_AND_SUBMIT_FINAL_OUTPUT && git add -A && git diff --cached",
        "end_ts": 1766988425.0143292,
        "total_s": 0.28438806533813477,
        "returncode": 0
      }
    }
  ]
}