{
  "instance_id": "sympy__sympy-21930",
  "env_prepare": {
    "start_ts": 1766988318.9903927,
    "end_ts": 1766988414.9871755,
    "total_s": 95.9967827796936,
    "environment_class": "docker",
    "image": "docker.io/swebench/sweb.eval.x86_64.sympy_1776_sympy-21930:latest"
  },
  "steps": [
    {
      "step_index": 1,
      "query": {
        "start_ts": 1766988414.9886482,
        "first_token_ts": 1766988415.2201517,
        "last_token_ts": 1766988417.0298083,
        "prefill_s": 0.23150348663330078,
        "decode_s": 1.8096566200256348,
        "total_s": 2.0411601066589355
      },
      "tool": {
        "start_ts": 1766988417.0298736,
        "action": "find /testbed -type f -name \"*.py\" | grep -i secondquant",
        "end_ts": 1766988417.2067854,
        "total_s": 0.1769118309020996,
        "returncode": 0
      }
    },
    {
      "step_index": 2,
      "query": {
        "start_ts": 1766988417.2096772,
        "first_token_ts": 1766988417.5640287,
        "last_token_ts": 1766988419.3136659,
        "prefill_s": 0.3543515205383301,
        "decode_s": 1.7496371269226074,
        "total_s": 2.1039886474609375
      },
      "tool": {
        "start_ts": 1766988419.3137453,
        "action": "grep -n \"latex\" /testbed/sympy/physics/secondquant.py",
        "end_ts": 1766988419.488278,
        "total_s": 0.17453265190124512,
        "returncode": 0
      }
    },
    {
      "step_index": 3,
      "query": {
        "start_ts": 1766988419.491988,
        "first_token_ts": 1766988419.6547968,
        "last_token_ts": 1766988422.2888038,
        "prefill_s": 0.16280889511108398,
        "decode_s": 2.634006977081299,
        "total_s": 2.796815872192383
      },
      "tool": {
        "start_ts": 1766988422.2888653,
        "action": "grep -n -A 20 \"class Commutator\" /testbed/sympy/physics/secondquant.py",
        "end_ts": 1766988422.4526799,
        "total_s": 0.16381454467773438,
        "returncode": 0
      }
    },
    {
      "step_index": 4,
      "query": {
        "start_ts": 1766988422.4553769,
        "first_token_ts": 1766988422.6425865,
        "last_token_ts": 1766988424.7241802,
        "prefill_s": 0.1872096061706543,
        "decode_s": 2.0815937519073486,
        "total_s": 2.268803358078003
      },
      "tool": {
        "start_ts": 1766988424.7242477,
        "action": "grep -n -A 20 \"_latex.*Commutator\" /testbed/sympy/physics/secondquant.py",
        "end_ts": 1766988424.8828151,
        "total_s": 0.1585674285888672,
        "returncode": 1
      }
    },
    {
      "step_index": 5,
      "query": {
        "start_ts": 1766988424.8848205,
        "first_token_ts": 1766988424.9801955,
        "last_token_ts": 1766988427.3445086,
        "prefill_s": 0.09537506103515625,
        "decode_s": 2.3643131256103516,
        "total_s": 2.459688186645508
      },
      "tool": {
        "start_ts": 1766988427.344551,
        "action": "grep -n -A 20 \"def _latex\" /testbed/sympy/physics/secondquant.py | grep -B 20 -A 20 \"Commutator\"",
        "end_ts": 1766988427.5014882,
        "total_s": 0.1569371223449707,
        "returncode": 1
      }
    },
    {
      "step_index": 6,
      "query": {
        "start_ts": 1766988427.5043318,
        "first_token_ts": 1766988427.5937905,
        "last_token_ts": 1766988429.9054546,
        "prefill_s": 0.08945870399475098,
        "decode_s": 2.31166410446167,
        "total_s": 2.401122808456421
      },
      "tool": {
        "start_ts": 1766988429.9055066,
        "action": "cat /testbed/sympy/physics/secondquant.py | grep -n \"class Commutator\" -A 50",
        "end_ts": 1766988430.0662374,
        "total_s": 0.16073083877563477,
        "returncode": 0
      }
    },
    {
      "step_index": 7,
      "query": {
        "start_ts": 1766988430.0682247,
        "first_token_ts": 1766988430.3594258,
        "last_token_ts": 1766988432.2797248,
        "prefill_s": 0.291201114654541,
        "decode_s": 1.9202990531921387,
        "total_s": 2.2115001678466797
      },
      "tool": {
        "start_ts": 1766988432.279778,
        "action": "grep -n -A 5 \"def _latex\" /testbed/sympy/physics/secondquant.py",
        "end_ts": 1766988432.4268687,
        "total_s": 0.14709067344665527,
        "returncode": 0
      }
    },
    {
      "step_index": 8,
      "query": {
        "start_ts": 1766988432.4289038,
        "first_token_ts": 1766988432.5607953,
        "last_token_ts": 1766988435.3591568,
        "prefill_s": 0.13189148902893066,
        "decode_s": 2.7983615398406982,
        "total_s": 2.930253028869629
      },
      "tool": {
        "start_ts": 1766988435.3592072,
        "action": "nl -ba /testbed/sympy/physics/secondquant.py | sed -n '1795,1805p'",
        "end_ts": 1766988435.5755634,
        "total_s": 0.2163562774658203,
        "returncode": 0
      }
    },
    {
      "step_index": 9,
      "query": {
        "start_ts": 1766988435.5776002,
        "first_token_ts": 1766988435.8427303,
        "last_token_ts": 1766988437.9331143,
        "prefill_s": 0.26513004302978516,
        "decode_s": 2.090384006500244,
        "total_s": 2.3555140495300293
      },
      "tool": {
        "start_ts": 1766988437.933166,
        "action": "find /testbed -type f -name \"*.py\" | grep -i printer",
        "end_ts": 1766988438.0785632,
        "total_s": 0.14539718627929688,
        "returncode": 0
      }
    },
    {
      "step_index": 10,
      "query": {
        "start_ts": 1766988438.0804312,
        "first_token_ts": 1766988438.1748872,
        "last_token_ts": 1766988439.6028945,
        "prefill_s": 0.09445595741271973,
        "decode_s": 1.4280073642730713,
        "total_s": 1.522463321685791
      },
      "tool": {
        "start_ts": 1766988439.6029406,
        "action": "find /testbed -type f -name \"*.py\" | grep -i latex",
        "end_ts": 1766988439.7451694,
        "total_s": 0.1422288417816162,
        "returncode": 0
      }
    },
    {
      "step_index": 11,
      "query": {
        "start_ts": 1766988439.7473226,
        "first_token_ts": 1766988439.8509402,
        "last_token_ts": 1766988441.3479114,
        "prefill_s": 0.10361766815185547,
        "decode_s": 1.4969711303710938,
        "total_s": 1.6005887985229492
      },
      "tool": {
        "start_ts": 1766988441.3479605,
        "action": "grep -n \"class LatexPrinter\" /testbed/sympy/printing/latex.py",
        "end_ts": 1766988441.499264,
        "total_s": 0.15130352973937988,
        "returncode": 0
      }
    },
    {
      "step_index": 12,
      "query": {
        "start_ts": 1766988441.5013564,
        "first_token_ts": 1766988441.5955787,
        "last_token_ts": 1766988443.4519768,
        "prefill_s": 0.0942223072052002,
        "decode_s": 1.856398105621338,
        "total_s": 1.950620412826538
      },
      "tool": {
        "start_ts": 1766988443.4520357,
        "action": "grep -n -A 20 \"class LatexPrinter\" /testbed/sympy/printing/latex.py",
        "end_ts": 1766988443.5799408,
        "total_s": 0.12790513038635254,
        "returncode": 0
      }
    },
    {
      "step_index": 13,
      "query": {
        "start_ts": 1766988443.5823934,
        "first_token_ts": 1766988443.7803755,
        "last_token_ts": 1766988447.90811,
        "prefill_s": 0.1979820728302002,
        "decode_s": 4.127734422683716,
        "total_s": 4.325716495513916
      },
      "tool": {
        "start_ts": 1766988447.9081628,
        "action": "cat <<'EOF' > reproduce_issue.py\nimport sympy as sp\nfrom sympy.physics.secondquant import B, Bd, Commutator\nsp.init_printing()\n\na = sp.Symbol('0')\ncomm = Commutator(Bd(a)**2, B(a))\nprint(\"Current LaTeX output:\")\nprint(sp.latex(comm))\nEOF",
        "end_ts": 1766988448.071886,
        "total_s": 0.16372323036193848,
        "returncode": 0
      }
    },
    {
      "step_index": 14,
      "query": {
        "start_ts": 1766988448.073832,
        "first_token_ts": 1766988448.1757278,