{
  "instance_id": "django__django-14915",
  "env_prepare": {
    "start_ts": 1766988286.6863692,
    "end_ts": 1766988288.8149471,
    "total_s": 2.128577947616577,
    "environment_class": "docker",
    "image": "docker.io/swebench/sweb.eval.x86_64.django_1776_django-14915:latest"
  },
  "steps": [
    {
      "step_index": 1,
      "query": {
        "start_ts": 1766988288.8163474,
        "first_token_ts": 1766988289.2713802,
        "last_token_ts": 1766988289.9779758,
        "prefill_s": 0.4550328254699707,
        "decode_s": 0.7065956592559814,
        "total_s": 1.1616284847259521
      },
      "tool": {
        "start_ts": 1766988289.9780207,
        "action": "ls -la",
        "end_ts": 1766988290.126132,
        "total_s": 0.14811134338378906,
        "returncode": 0
      }
    },
    {
      "step_index": 2,
      "query": {
        "start_ts": 1766988290.1291516,
        "first_token_ts": 1766988290.2158704,
        "last_token_ts": 1766988291.2237322,
        "prefill_s": 0.08671879768371582,
        "decode_s": 1.007861852645874,
        "total_s": 1.0945806503295898
      },
      "tool": {
        "start_ts": 1766988291.2237926,
        "action": "find django -type f -name \"*.py\" | grep -v \"__pycache__\" | xargs grep -l \"ModelChoiceIteratorValue\" | head -5",
        "end_ts": 1766988291.7350683,
        "total_s": 0.5112757682800293,
        "returncode": 0
      }
    },
    {
      "step_index": 3,
      "query": {
        "start_ts": 1766988291.7375689,
        "first_token_ts": 1766988291.7822819,
        "last_token_ts": 1766988292.7047322,
        "prefill_s": 0.04471302032470703,
        "decode_s": 0.9224503040313721,
        "total_s": 0.9671633243560791
      },
      "tool": {
        "start_ts": 1766988292.7047868,
        "action": "cat django/forms/models.py | grep -A 20 \"class ModelChoiceIteratorValue\"",
        "end_ts": 1766988292.8523026,
        "total_s": 0.14751577377319336,
        "returncode": 0
      }
    },
    {
      "step_index": 4,
      "query": {
        "start_ts": 1766988292.8543952,
        "first_token_ts": 1766988292.903435,
        "last_token_ts": 1766988294.3637376,
        "prefill_s": 0.04903984069824219,
        "decode_s": 1.4603025913238525,
        "total_s": 1.5093424320220947
      },
      "tool": {
        "start_ts": 1766988294.3638017,
        "action": "cat django/forms/models.py | grep -A 30 \"class ModelChoiceIteratorValue\"",
        "end_ts": 1766988294.5118442,
        "total_s": 0.1480424404144287,
        "returncode": 0
      }
    },
    {
      "step_index": 5,
      "query": {
        "start_ts": 1766988294.5143619,
        "first_token_ts": 1766988294.571294,
        "last_token_ts": 1766988295.1389232,
        "prefill_s": 0.05693221092224121,
        "decode_s": 0.5676290988922119,
        "total_s": 0.6245613098144531
      },
      "tool": {
        "start_ts": 1766988295.1389778,
        "action": "cat django/forms/models.py | grep -A 50 \"class ModelChoiceIterator\"",
        "end_ts": 1766988295.2824233,
        "total_s": 0.14344549179077148,
        "returncode": 0
      }
    },
    {
      "step_index": 6,
      "query": {
        "start_ts": 1766988295.2852197,
        "first_token_ts": 1766988295.450807,
        "last_token_ts": 1766988299.2649603,
        "prefill_s": 0.1655874252319336,
        "decode_s": 3.8141531944274902,
        "total_s": 3.979740619659424
      },
      "tool": {}
    },
    {
      "step_index": 7,
      "query": {
        "start_ts": 1766988299.2657537,
        "first_token_ts": 1766988299.3148746,
        "last_token_ts": 1766988299.69407,
        "prefill_s": 0.04912090301513672,
        "decode_s": 0.3791954517364502,
        "total_s": 0.4283163547515869
      },
      "tool": {
        "start_ts": 1766988299.6941159,
        "action": "python reproduce_issue.py",
        "end_ts": 1766988299.9006536,
        "total_s": 0.20653772354125977,
        "returncode": 2
      }
    },
    {
      "step_index": 8,
      "query": {
        "start_ts": 1766988299.9025753,
        "first_token_ts": 1766988299.9544973,
        "last_token_ts": 1766988303.1769521,
        "prefill_s": 0.05192208290100098,
        "decode_s": 3.222454786300659,
        "total_s": 3.27437686920166
      },
      "tool": {}
    },
    {
      "step_index": 9,
      "query": {
        "start_ts": 1766988303.1777852,
        "first_token_ts": 1766988303.2462008,
        "last_token_ts": 1766988304.6417365,
        "prefill_s": 0.06841564178466797,
        "decode_s": 1.3955357074737549,
        "total_s": 1.4639513492584229
      },
      "tool": {
        "start_ts": 1766988304.6418097,
        "action": "cd /testbed && python -c \"from django.forms.models import ModelChoiceIteratorValue; show_fields = {1: ['first_name', 'last_name']}; value = ModelChoiceIteratorValue(1, None); print('Trying to use ModelChoiceIteratorValue as a key...'); try: if value in show_fields: print('Success!'); except TypeError as e: print(f'Error: {e}')\"",
        "end_ts": 1766988304.8507006,
        "total_s": 0.2088909149169922,
        "returncode": 1
      }
    },
    {
      "step_index": 10,
      "query": {
        "start_ts": 1766988304.853284,
        "first_token_ts": 1766988304.924372,
        "last_token_ts": 1766988305.5819902,
        "prefill_s": 0.07108807563781738,
        "decode_s": 0.6576182842254639,
        "total_s": 0.7287063598632812
      },
      "tool": {
        "start_ts": 1766988305.5820367,
        "action": "cd /testbed && python -c \"from django.forms.models import ModelChoiceIteratorValue; value = ModelChoiceIteratorValue(1, None); print(hash(value))\"",
        "end_ts": 1766988306.0028293,
        "total_s": 0.4207925796508789,
        "returncode": 1
      }
    },
    {
      "step_index": 11,
      "query": {
        "start_ts": 1766988306.0054502,
        "first_token_ts": 1766988306.0578656,
        "last_token_ts": 1766988307.3626785,
        "prefill_s": 0.05241537094116211,
        "decode_s": 1.3048129081726074,
        "total_s": 1.3572282791137695
      },
      "tool": {
        "start_ts": 1766988307.3627439,
        "action": "cd /testbed && sed -i 's/class ModelChoiceIteratorValue:/class ModelChoiceIteratorValue:\\n\\n    def __hash__(self):\\n        return hash(self.value)/' django/forms/models.py",
        "end_ts": 1766988307.5224319,
        "total_s": 0.15968799591064453,
        "returncode": 0
      }
    },
    {
      "step_index": 12,
      "query": {
        "start_ts": 1766988307.524433,
        "first_token_ts": 1766988307.5876231,
        "last_token_ts": 1766988308.6580982,
        "prefill_s": 0.06319022178649902,
        "decode_s": 1.0704751014709473,
        "total_s": 1.1336653232574463
      },
      "tool": {
        "start_ts": 1766988308.658148,
        "action": "cd /testbed && python -c \"from django.forms.models import ModelChoiceIteratorValue; value = ModelChoiceIteratorValue(1, None); print(hash(value)); show_fields = {1: ['first_name', 'last_name']}; if value in show_fields: print('Value is in show_fields')\"",
        "end_ts": 1766988308.843365,
        "total_s": 0.18521690368652344,
        "returncode": 1
      }
    },
    {
      "step_index": 13,
      "query": {
        "start_ts": 1766988308.8452728,
        "first_token_ts": 1766988308.9140224,
        "last_token_ts": 1766988309.9868224,
        "prefill_s": 0.06874966621398926,
        "decode_s": 1.0727999210357666,
        "total_s": 1.1415495872497559
      },
      "tool": {
        "start_ts": 1766988309.9868739,
        "action": "cd /testbed && python -c \"from django.forms.models import ModelChoiceIteratorValue; value = ModelChoiceIteratorValue(1, None); print('Hash value:', hash(value)); show_fields = {1: ['first_name', 'last_name']}; print('Value in show_fields:', value.value in show_fields)\"",
        "end_ts": 1766988310.291127,
        "total_s": 0.30425310134887695,