{
  "instance_id": "sympy__sympy-24443",
  "env_prepare": {
    "start_ts": 1766988286.6885967,
    "end_ts": 1766988402.88507,
    "total_s": 116.19647336006165,
    "environment_class": "docker",
    "image": "docker.io/swebench/sweb.eval.x86_64.sympy_1776_sympy-24443:latest"
  },
  "steps": [
    {
      "step_index": 1,
      "query": {
        "start_ts": 1766988402.8866022,
        "first_token_ts": 1766988403.0128312,
        "last_token_ts": 1766988405.2179112,
        "prefill_s": 0.12622904777526855,
        "decode_s": 2.205080032348633,
        "total_s": 2.3313090801239014
      },
      "tool": {
        "start_ts": 1766988405.2179835,
        "action": "find /testbed -name \"homomorphisms.py\"",
        "end_ts": 1766988405.4435315,
        "total_s": 0.22554802894592285,
        "returncode": 0
      }
    },
    {
      "step_index": 2,
      "query": {
        "start_ts": 1766988405.446542,
        "first_token_ts": 1766988405.6356757,
        "last_token_ts": 1766988408.3893743,
        "prefill_s": 0.1891336441040039,
        "decode_s": 2.7536985874176025,
        "total_s": 2.9428322315216064
      },
      "tool": {
        "start_ts": 1766988408.389436,
        "action": "cat /testbed/sympy/combinatorics/homomorphisms.py",
        "end_ts": 1766988408.649641,
        "total_s": 0.2602050304412842,
        "returncode": 0
      }
    },
    {
      "step_index": 3,
      "query": {
        "start_ts": 1766988408.65249,
        "first_token_ts": 1766988408.8909092,
        "last_token_ts": 1766988412.2219434,
        "prefill_s": 0.2384192943572998,
        "decode_s": 3.3310341835021973,
        "total_s": 3.569453477859497
      },
      "tool": {
        "start_ts": 1766988412.2220037,
        "action": "grep -n \"_check_homomorphism\" /testbed/sympy/combinatorics/homomorphisms.py",
        "end_ts": 1766988412.4597528,
        "total_s": 0.2377490997314453,
        "returncode": 0
      }
    },
    {
      "step_index": 4,
      "query": {
        "start_ts": 1766988412.462464,
        "first_token_ts": 1766988412.5614474,
        "last_token_ts": 1766988414.770505,
        "prefill_s": 0.0989832878112793,
        "decode_s": 2.209057569503784,
        "total_s": 2.3080408573150635
      },
      "tool": {
        "start_ts": 1766988414.77057,
        "action": "nl -ba /testbed/sympy/combinatorics/homomorphisms.py | sed -n '310,350p'",
        "end_ts": 1766988414.9237323,
        "total_s": 0.15316224098205566,
        "returncode": 0
      }
    },
    {
      "step_index": 5,
      "query": {
        "start_ts": 1766988414.926334,
        "first_token_ts": 1766988415.1413243,
        "last_token_ts": 1766988417.1832447,
        "prefill_s": 0.21499037742614746,
        "decode_s": 2.0419204235076904,
        "total_s": 2.256910800933838
      },
      "tool": {
        "start_ts": 1766988417.183361,
        "action": "nl -ba /testbed/sympy/combinatorics/homomorphisms.py | sed -n '350,370p'",
        "end_ts": 1766988417.355356,
        "total_s": 0.17199492454528809,
        "returncode": 0
      }
    },
    {
      "step_index": 6,
      "query": {
        "start_ts": 1766988417.3581002,
        "first_token_ts": 1766988417.6019087,
        "last_token_ts": 1766988424.0270386,
        "prefill_s": 0.24380850791931152,
        "decode_s": 6.4251298904418945,
        "total_s": 6.668938398361206
      },
      "tool": {
        "start_ts": 1766988424.0271118,
        "action": "cat <<'EOF' > reproduce_issue.py\nfrom sympy.combinatorics import *\nfrom sympy.combinatorics.homomorphisms import homomorphism\n\nD3 = DihedralGroup(3)\nT = homomorphism(D3, D3, D3.generators, D3.generators)\nprint(\"Homomorphism created successfully:\", T)\nEOF",
        "end_ts": 1766988424.2611148,
        "total_s": 0.23400306701660156,
        "returncode": 0
      }
    },
    {
      "step_index": 7,
      "query": {
        "start_ts": 1766988424.2713528,
        "first_token_ts": 1766988424.4457877,
        "last_token_ts": 1766988425.2954652,
        "prefill_s": 0.17443490028381348,
        "decode_s": 0.849677562713623,
        "total_s": 1.0241124629974365
      },
      "tool": {
        "start_ts": 1766988425.295524,
        "action": "python reproduce_issue.py",
        "end_ts": 1766988426.9783914,
        "total_s": 1.6828675270080566,
        "returncode": 1
      }
    },
    {
      "step_index": 8,
      "query": {
        "start_ts": 1766988426.9811752,
        "first_token_ts": 1766988427.0985272,
        "last_token_ts": 1766988433.262946,
        "prefill_s": 0.11735200881958008,
        "decode_s": 6.164418697357178,
        "total_s": 6.281770706176758
      },
      "tool": {
        "start_ts": 1766988433.263013,
        "action": "sed -i '336,337c\\                if isinstance(domain, PermutationGroup) and (r[i] in gens or r[i]**-1 in gens):\\n                    s = domain.generators[gens.index(r[i]) if r[i] in gens else gens.index(r[i]**-1)]' /testbed/sympy/combinatorics/homomorphisms.py",
        "end_ts": 1766988433.4251952,
        "total_s": 0.16218233108520508,
        "returncode": 0
      }
    },
    {
      "step_index": 9,
      "query": {
        "start_ts": 1766988433.4279099,
        "first_token_ts": 1766988433.6198053,
        "last_token_ts": 1766988434.912994,
        "prefill_s": 0.1918954849243164,
        "decode_s": 1.2931885719299316,
        "total_s": 1.485084056854248
      },
      "tool": {
        "start_ts": 1766988434.9130428,
        "action": "python reproduce_issue.py",
        "end_ts": 1766988435.5269613,
        "total_s": 0.6139185428619385,
        "returncode": 0
      }
    },
    {
      "step_index": 10,
      "query": {
        "start_ts": 1766988435.529748,
        "first_token_ts": 1766988435.8493612,
        "last_token_ts": 1766988435.9488451,
        "prefill_s": 0.3196132183074951,
        "decode_s": 0.09948396682739258,
        "total_s": 0.4190971851348877
      },
      "tool": {}
    },
    {
      "step_index": 11,
      "query": {
        "start_ts": 1766988435.9494817,
        "first_token_ts": 1766988436.1359565,
        "last_token_ts": 1766988458.5733614,
        "prefill_s": 0.18647480010986328,
        "decode_s": 22.43740487098694,
        "total_s": 22.6238796710968
      },
      "tool": {
        "start_ts": 1766988458.5734339,
        "action": "cat <<'EOF' > test_edge_cases.py\nfrom sympy.combinatorics import *\nfrom sympy.combinatorics.homomorphisms import homomorphism\n\n# Test with DihedralGroup\nD3 = DihedralGroup(3)\ntry:\n    T1 = homomorphism(D3, D3, D3.generators, D3.generators)\n    print(\"D3 homomorphism test passed:\", T1)\nexcept Exception as e:\n    print(\"D3 homomorphism test failed:\", str(e))\n\n# Test with inverted generators\nD4 = DihedralGroup(4)\ngen1, gen2 = D4.generators\ntry:\n    T2 = homomorphism(D4, D4, [gen1, gen2], [gen1**-1, gen2**-1])\n    print(\"Inverted generators test passed:\", T2)\nexcept Exception as e:\n    print(\"Inverted generators test failed:\", str(e))\n\n# Test with a mix of generators and their inverses\ntry:\n    T3 = homomorphism(D4, D4, [gen1, gen2], [gen1, gen2**-1])\n    print(\"Mixed generators test passed:\", T3)\nexcept Exception as e:\n    print(\"Mixed generators test failed:\", str(e))\n\n# Test with a larger group\nS5 = SymmetricGroup(5)\ngen1, gen2 = S5.generators\ntry:\n    T4 = homomorphism(S5, S5, [gen1, gen2], [gen1**-1, gen2**-1])\n    print(\"S5 inverted generators test passed:\", T4)\nexcept Exception as e:\n    print(\"S5 inverted generators test failed:\", str(e))\nEOF",
        "end_ts": 1766988458.7308362,
        "total_s": 0.15740227699279785,
        "returncode": 0
      }
    },
    {
      "step_index": 12,
      "query": {
        "start_ts": 1766988458.7328303,
        "first_token_ts": 1766988458.9258726,
        "last_token_ts": 1766988459.8544483,
        "prefill_s": 0.19304227828979492,
        "decode_s": 0.9285757541656494,