{
  "instance_id": "django__django-11095",
  "env_prepare": {
    "start_ts": 1766988286.669905,
    "end_ts": 1766988358.6180198,
    "total_s": 71.94811487197876,
    "environment_class": "docker",
    "image": "docker.io/swebench/sweb.eval.x86_64.django_1776_django-11095:latest"
  },
  "steps": [
    {
      "step_index": 1,
      "query": {
        "start_ts": 1766988358.619494,
        "first_token_ts": 1766988358.7215044,
        "last_token_ts": 1766988359.2714944,
        "prefill_s": 0.10201048851013184,
        "decode_s": 0.5499899387359619,
        "total_s": 0.6520004272460938
      },
      "tool": {
        "start_ts": 1766988359.271561,
        "action": "ls -la",
        "end_ts": 1766988359.4307308,
        "total_s": 0.15916991233825684,
        "returncode": 0
      }
    },
    {
      "step_index": 2,
      "query": {
        "start_ts": 1766988359.4330394,
        "first_token_ts": 1766988359.5254185,
        "last_token_ts": 1766988360.5724897,
        "prefill_s": 0.09237909317016602,
        "decode_s": 1.0470712184906006,
        "total_s": 1.1394503116607666
      },
      "tool": {
        "start_ts": 1766988360.5725543,
        "action": "find django -type f -name \"*.py\" | grep -v \"__pycache__\" | xargs grep -l \"class ModelAdmin\" | head -5",
        "end_ts": 1766988360.761791,
        "total_s": 0.18923664093017578,
        "returncode": 0
      }
    },
    {
      "step_index": 3,
      "query": {
        "start_ts": 1766988360.7636313,
        "first_token_ts": 1766988360.8809862,
        "last_token_ts": 1766988361.6249428,
        "prefill_s": 0.1173548698425293,
        "decode_s": 0.7439565658569336,
        "total_s": 0.8613114356994629
      },
      "tool": {
        "start_ts": 1766988361.624997,
        "action": "grep -n \"get_inline_instances\\|inlines\" django/contrib/admin/options.py | head -20",
        "end_ts": 1766988361.78555,
        "total_s": 0.1605532169342041,
        "returncode": 0
      }
    },
    {
      "step_index": 4,
      "query": {
        "start_ts": 1766988361.7876008,
        "first_token_ts": 1766988361.8465772,
        "last_token_ts": 1766988362.4717195,
        "prefill_s": 0.05897641181945801,
        "decode_s": 0.6251423358917236,
        "total_s": 0.6841187477111816
      },
      "tool": {
        "start_ts": 1766988362.471774,
        "action": "nl -ba django/contrib/admin/options.py | sed -n '583,595p'",
        "end_ts": 1766988362.6168709,
        "total_s": 0.1450967788696289,
        "returncode": 0
      }
    },
    {
      "step_index": 5,
      "query": {
        "start_ts": 1766988362.618591,
        "first_token_ts": 1766988362.6832514,
        "last_token_ts": 1766988363.591944,
        "prefill_s": 0.06466031074523926,
        "decode_s": 0.9086925983428955,
        "total_s": 0.9733529090881348
      },
      "tool": {
        "start_ts": 1766988363.5919995,
        "action": "grep -n \"def get_inlines\" django/contrib/admin/options.py",
        "end_ts": 1766988363.8182533,
        "total_s": 0.22625374794006348,
        "returncode": 1
      }
    },
    {
      "step_index": 6,
      "query": {
        "start_ts": 1766988363.8202302,
        "first_token_ts": 1766988363.8698983,
        "last_token_ts": 1766988364.8770883,
        "prefill_s": 0.049668073654174805,
        "decode_s": 1.0071899890899658,
        "total_s": 1.0568580627441406
      },
      "tool": {
        "start_ts": 1766988364.8771353,
        "action": "grep -n \"inlines =\" django/contrib/admin/options.py | head -5",
        "end_ts": 1766988365.0134623,
        "total_s": 0.13632702827453613,
        "returncode": 0
      }
    },
    {
      "step_index": 7,
      "query": {
        "start_ts": 1766988365.0158644,
        "first_token_ts": 1766988365.2025025,
        "last_token_ts": 1766988365.8659835,
        "prefill_s": 0.18663811683654785,
        "decode_s": 0.6634809970855713,
        "total_s": 0.8501191139221191
      },
      "tool": {
        "start_ts": 1766988365.866044,
        "action": "nl -ba django/contrib/admin/options.py | sed -n '1900,1920p'",
        "end_ts": 1766988366.0287826,
        "total_s": 0.16273856163024902,
        "returncode": 0
      }
    },
    {
      "step_index": 8,
      "query": {
        "start_ts": 1766988366.030908,
        "first_token_ts": 1766988366.1058269,
        "last_token_ts": 1766988366.7522962,
        "prefill_s": 0.07491874694824219,
        "decode_s": 0.6464693546295166,
        "total_s": 0.7213881015777588
      },
      "tool": {
        "start_ts": 1766988366.7523513,
        "action": "nl -ba django/contrib/admin/options.py | sed -n '1,50p'",
        "end_ts": 1766988366.914815,
        "total_s": 0.16246366500854492,
        "returncode": 0
      }
    },
    {
      "step_index": 9,
      "query": {
        "start_ts": 1766988366.9175541,
        "first_token_ts": 1766988367.0499318,
        "last_token_ts": 1766988367.4834414,
        "prefill_s": 0.13237762451171875,
        "decode_s": 0.43350958824157715,
        "total_s": 0.5658872127532959
      },
      "tool": {
        "start_ts": 1766988367.4834895,
        "action": "grep -n \"class ModelAdmin\" django/contrib/admin/options.py",
        "end_ts": 1766988367.6414244,
        "total_s": 0.15793490409851074,
        "returncode": 0
      }
    },
    {
      "step_index": 10,
      "query": {
        "start_ts": 1766988367.6439364,
        "first_token_ts": 1766988367.7192376,
        "last_token_ts": 1766988369.6345189,
        "prefill_s": 0.0753011703491211,
        "decode_s": 1.9152812957763672,
        "total_s": 1.9905824661254883
      },
      "tool": {
        "start_ts": 1766988369.6345892,
        "action": "sed -i '555i \\    def get_inlines(self, request, obj=None):\\n        return self.inlines' django/contrib/admin/options.py",
        "end_ts": 1766988369.794238,
        "total_s": 0.15964889526367188,
        "returncode": 0
      }
    },
    {
      "step_index": 11,
      "query": {
        "start_ts": 1766988369.7965577,
        "first_token_ts": 1766988369.8591003,
        "last_token_ts": 1766988370.7495654,
        "prefill_s": 0.06254267692565918,
        "decode_s": 0.8904650211334229,
        "total_s": 0.953007698059082
      },
      "tool": {
        "start_ts": 1766988370.7496164,
        "action": "sed -i '585s/self.inlines/self.get_inlines(request, obj)/' django/contrib/admin/options.py",
        "end_ts": 1766988370.8977556,
        "total_s": 0.14813923835754395,
        "returncode": 0
      }
    },
    {
      "step_index": 12,
      "query": {
        "start_ts": 1766988370.9002368,
        "first_token_ts": 1766988370.9716377,
        "last_token_ts": 1766988371.560827,
        "prefill_s": 0.07140088081359863,
        "decode_s": 0.5891892910003662,
        "total_s": 0.6605901718139648
      },
      "tool": {
        "start_ts": 1766988371.560878,
        "action": "nl -ba django/contrib/admin/options.py | sed -n '554,556p'",
        "end_ts": 1766988371.6986783,
        "total_s": 0.1378002166748047,
        "returncode": 0
      }
    },
    {
      "step_index": 13,
      "query": {
        "start_ts": 1766988371.701441,
        "first_token_ts": 1766988371.7839515,
        "last_token_ts": 1766988372.1861036,
        "prefill_s": 0.08251047134399414,
        "decode_s": 0.40215206146240234,
        "total_s": 0.4846625328063965
      },
      "tool": {
        "start_ts": 1766988372.186161,
        "action": "nl -ba django/contrib/admin/options.py | sed -n '583,595p'",
        "end_ts": 1766988372.3319283,
        "total_s": 0.1457672119140625,
        "returncode": 0
      }
    },
    {
      "step_index": 14,
      "query": {
        "start_ts": 1766988372.3341184,
        "first_token_ts": 1766988372.4021883,
        "last_token_ts": 1766988373.056639,
        "prefill_s": 0.0680699348449707,
        "decode_s": 0.6544506549835205,
        "total_s": 0.7225205898284912
      },