{
  "instance_id": "django__django-14752",
  "env_prepare": {
    "start_ts": 1766988286.6750016,
    "end_ts": 1766988288.494358,
    "total_s": 1.8193564414978027,
    "environment_class": "docker",
    "image": "docker.io/swebench/sweb.eval.x86_64.django_1776_django-14752:latest"
  },
  "steps": [
    {
      "step_index": 1,
      "query": {
        "start_ts": 1766988288.4957156,
        "first_token_ts": 1766988289.270785,
        "last_token_ts": 1766988290.2642841,
        "prefill_s": 0.7750694751739502,
        "decode_s": 0.9934990406036377,
        "total_s": 1.768568515777588
      },
      "tool": {
        "start_ts": 1766988290.264338,
        "action": "find /testbed -type f -name \"*.py\" | xargs grep -l \"AutocompleteJsonView\" | head -5",
        "end_ts": 1766988291.1724658,
        "total_s": 0.9081277847290039,
        "returncode": 0
      }
    },
    {
      "step_index": 2,
      "query": {
        "start_ts": 1766988291.1743772,
        "first_token_ts": 1766988291.222839,
        "last_token_ts": 1766988291.722037,
        "prefill_s": 0.0484619140625,
        "decode_s": 0.49919795989990234,
        "total_s": 0.5476598739624023
      },
      "tool": {
        "start_ts": 1766988291.722083,
        "action": "cat /testbed/django/contrib/admin/views/autocomplete.py",
        "end_ts": 1766988291.868958,
        "total_s": 0.14687490463256836,
        "returncode": 0
      }
    },
    {
      "step_index": 3,
      "query": {
        "start_ts": 1766988291.8712687,
        "first_token_ts": 1766988291.9552944,
        "last_token_ts": 1766988295.7430866,
        "prefill_s": 0.08402562141418457,
        "decode_s": 3.787792205810547,
        "total_s": 3.8718178272247314
      },
      "tool": {}
    },
    {
      "step_index": 4,
      "query": {
        "start_ts": 1766988295.7439978,
        "first_token_ts": 1766988295.8009014,
        "last_token_ts": 1766988306.564371,
        "prefill_s": 0.05690360069274902,
        "decode_s": 10.763469696044922,
        "total_s": 10.820373296737671
      },
      "tool": {
        "start_ts": 1766988306.5645335,
        "action": "cat <<'EOF' > /testbed/django/contrib/admin/views/autocomplete.py\nfrom django.apps import apps\nfrom django.core.exceptions import FieldDoesNotExist, PermissionDenied\nfrom django.http import Http404, JsonResponse\nfrom django.views.generic.list import BaseListView\n\n\nclass AutocompleteJsonView(BaseListView):\n    \"\"\"Handle AutocompleteWidget's AJAX requests for data.\"\"\"\n    paginate_by = 20\n    admin_site = None\n\n    def serialize_result(self, obj, to_field_name):\n        return {\n            'id': str(getattr(obj, to_field_name)),\n            'text': str(obj)\n        }\n\n    def get(self, request, *args, **kwargs):\n        \"\"\"\n        Return a JsonResponse with search results of the form:\n        {\n            results: [{id: \"123\" text: \"foo\"}],\n            pagination: {more: true}\n        }\n        \"\"\"\n        self.term, self.model_admin, self.source_field, to_field_name = self.process_request(request)\n\n        if not self.has_perm(request):\n            raise PermissionDenied\n\n        self.object_list = self.get_queryset()\n        context = self.get_context_data()\n        return JsonResponse({\n            'results': [\n                self.serialize_result(obj, to_field_name) for obj in context['object_list']\n            ],\n            'pagination': {'more': context['page_obj'].has_next()},\n        })\n\n    def get_paginator(self, *args, **kwargs):\n        \"\"\"Use the ModelAdmin's paginator.\"\"\"\n        return self.model_admin.get_paginator(self.request, *args, **kwargs)\n\n    def get_queryset(self):\n        \"\"\"Return queryset based on ModelAdmin.get_search_results().\"\"\"\n        qs = self.model_admin.get_queryset(self.request)\n        qs = qs.complex_filter(self.source_field.get_limit_choices_to())\n        qs, search_use_distinct = self.model_admin.get_search_results(self.request, qs, self.term)\n        if search_use_distinct:\n            qs = qs.distinct()\n        return qs\n\n    def process_request(self, request):\n        \"\"\"\n        Validate request integrity, extract and return request parameters.\n\n        Since the subsequent view permission check requires the target model\n        admin, which is determined here, raise PermissionDenied if the\n        requested app, model or field are malformed.\n\n        Raise Http404 if the target model admin is not configured properly with\n        search_fields.\n        \"\"\"\n        term = request.GET.get('term', '')\n        try:\n            app_label = request.GET['app_label']\n            model_name = request.GET['model_name']\n            field_name = request.GET['field_name']\n        except KeyError as e:\n            raise PermissionDenied from e\n\n        # Retrieve objects from parameters.\n        try:\n            source_model = apps.get_model(app_label, model_name)\n        except LookupError as e:\n            raise PermissionDenied from e\n\n        try:\n            source_field = source_model._meta.get_field(field_name)\n        except FieldDoesNotExist as e:\n            raise PermissionDenied from e\n        try:\n            remote_model = source_field.remote_field.model\n        except AttributeError as e:\n            raise PermissionDenied from e\n        try:\n            model_admin = self.admin_site._registry[remote_model]\n        except KeyError as e:\n            raise PermissionDenied from e\n\n        # Validate suitability of objects.\n        if not model_admin.get_search_fields(request):\n            raise Http404(\n                '%s must have search_fields for the autocomplete_view.' %\n                type(model_admin).__qualname__\n            )\n\n        to_field_name = getattr(source_field.remote_field, 'field_name', remote_model._meta.pk.attname)\n        to_field_name = remote_model._meta.get_field(to_field_name).attname\n        if not model_admin.to_field_allowed(request, to_field_name):\n            raise PermissionDenied\n\n        return term, model_admin, source_field, to_field_name\n\n    def has_perm(self, request, obj=None):\n        \"\"\"Check if user has permission to access the related model.\"\"\"\n        return self.model_admin.has_view_permission(request, obj=obj)\nEOF",
        "end_ts": 1766988306.8548205,
        "total_s": 0.2902870178222656,
        "returncode": 0
      }
    },
    {
      "step_index": 5,
      "query": {
        "start_ts": 1766988306.8573725,
        "first_token_ts": 1766988306.9375784,
        "last_token_ts": 1766988316.867042,
        "prefill_s": 0.08020591735839844,
        "decode_s": 9.929463624954224,
        "total_s": 10.009669542312622
      },
      "tool": {}
    },
    {
      "step_index": 6,
      "query": {
        "start_ts": 1766988316.8683398,
        "first_token_ts": 1766988316.9252648,
        "last_token_ts": 1766988317.5664697,
        "prefill_s": 0.056925058364868164,
        "decode_s": 0.641204833984375,
        "total_s": 0.6981298923492432
      },
      "tool": {
        "start_ts": 1766988317.5665133,
        "action": "cd /testbed && python -m unittest test_autocomplete_refactor.py",
        "end_ts": 1766988317.7980754,
        "total_s": 0.23156213760375977,
        "returncode": 1
      }
    },
    {
      "step_index": 7,
      "query": {
        "start_ts": 1766988317.800194,
        "first_token_ts": 1766988317.8736398,
        "last_token_ts": 1766988318.4564955,
        "prefill_s": 0.07344579696655273,
        "decode_s": 0.5828557014465332,
        "total_s": 0.6563014984130859
      },
      "tool": {
        "start_ts": 1766988318.456553,
        "action": "cd /testbed && python test_autocomplete_refactor.py",
        "end_ts": 1766988318.6358771,
        "total_s": 0.17932415008544922,
        "returncode": 2
      }
    },
    {
      "step_index": 8,