{
  "instance_id": "pytest-dev__pytest-7982",
  "env_prepare": {
    "start_ts": 1766988286.6857224,
    "end_ts": 1766988395.361055,
    "total_s": 108.67533254623413,
    "environment_class": "docker",
    "image": "docker.io/swebench/sweb.eval.x86_64.pytest-dev_1776_pytest-7982:latest"
  },
  "steps": [
    {
      "step_index": 1,
      "query": {
        "start_ts": 1766988395.362621,
        "first_token_ts": 1766988395.4788446,
        "last_token_ts": 1766988397.2358487,
        "prefill_s": 0.11622357368469238,
        "decode_s": 1.7570040225982666,
        "total_s": 1.873227596282959
      },
      "tool": {
        "start_ts": 1766988397.2359025,
        "action": "ls -la",
        "end_ts": 1766988397.38768,
        "total_s": 0.1517775058746338,
        "returncode": 0
      }
    },
    {
      "step_index": 2,
      "query": {
        "start_ts": 1766988397.390113,
        "first_token_ts": 1766988397.5209203,
        "last_token_ts": 1766988399.9961033,
        "prefill_s": 0.13080716133117676,
        "decode_s": 2.4751830101013184,
        "total_s": 2.605990171432495
      },
      "tool": {
        "start_ts": 1766988399.9961858,
        "action": "git show b473e515bc57ff1133fe650f1e7e6d7e22e5d841",
        "end_ts": 1766988400.1760786,
        "total_s": 0.17989277839660645,
        "returncode": 0
      }
    },
    {
      "step_index": 3,
      "query": {
        "start_ts": 1766988400.1783855,
        "first_token_ts": 1766988400.3657048,
        "last_token_ts": 1766988403.189559,
        "prefill_s": 0.18731927871704102,
        "decode_s": 2.8238542079925537,
        "total_s": 3.0111734867095947
      },
      "tool": {
        "start_ts": 1766988403.189746,
        "action": "find src -type f -name \"*.py\" | grep -v \"__pycache__\" | xargs grep -l \"follow_symlinks\" || echo \"No files found with follow_symlinks\"",
        "end_ts": 1766988403.3824909,
        "total_s": 0.19274497032165527,
        "returncode": 0
      }
    },
    {
      "step_index": 4,
      "query": {
        "start_ts": 1766988403.3861315,
        "first_token_ts": 1766988403.5546227,
        "last_token_ts": 1766988405.2172968,
        "prefill_s": 0.16849112510681152,
        "decode_s": 1.6626741886138916,
        "total_s": 1.8311653137207031
      },
      "tool": {
        "start_ts": 1766988405.217401,
        "action": "cat src/_pytest/pathlib.py",
        "end_ts": 1766988405.4069326,
        "total_s": 0.18953156471252441,
        "returncode": 0
      }
    },
    {
      "step_index": 5,
      "query": {
        "start_ts": 1766988405.4097917,
        "first_token_ts": 1766988405.5986736,
        "last_token_ts": 1766988422.3385453,
        "prefill_s": 0.18888187408447266,
        "decode_s": 16.739871740341187,
        "total_s": 16.92875361442566
      },
      "tool": {}
    },
    {
      "step_index": 6,
      "query": {
        "start_ts": 1766988422.3394504,
        "first_token_ts": 1766988422.6368299,
        "last_token_ts": 1766988436.3798869,
        "prefill_s": 0.2973794937133789,
        "decode_s": 13.743057012557983,
        "total_s": 14.040436506271362
      },
      "tool": {
        "start_ts": 1766988436.3799818,
        "action": "cat <<'EOF' > reproduce_issue.py\nimport os\nimport tempfile\nimport shutil\nimport subprocess\n\n# Create a temporary directory structure\nwith tempfile.TemporaryDirectory() as temp_dir:\n    # Create a test directory with a symlink to another directory containing tests\n    test_dir = os.path.join(temp_dir, \"test_dir\")\n    os.makedirs(test_dir)\n    \n    # Create a target directory with a test file\n    target_dir = os.path.join(temp_dir, \"target_dir\")\n    os.makedirs(target_dir)\n    \n    # Create a test file in the target directory\n    with open(os.path.join(target_dir, \"test_target.py\"), \"w\") as f:\n        f.write(\"def test_something():\\n    assert True\\n\")\n    \n    # Create a symlink to the target directory in the test directory\n    os.symlink(target_dir, os.path.join(test_dir, \"symlink_to_target\"))\n    \n    # Run pytest in the test directory\n    print(\"Running pytest in directory with symlink...\")\n    result = subprocess.run([\"python\", \"-m\", \"pytest\", test_dir, \"-v\"], \n                           capture_output=True, text=True)\n    \n    print(\"\\nTest output:\")\n    print(result.stdout)\n    \n    # Check if the test in the symlinked directory was collected\n    if \"test_target.py::test_something\" in result.stdout:\n        print(\"\\nSUCCESS: Test in symlinked directory was collected\")\n    else:\n        print(\"\\nFAILURE: Test in symlinked directory was not collected\")\nEOF && python reproduce_issue.py",
        "end_ts": 1766988436.535398,
        "total_s": 0.15541625022888184,
        "returncode": 0
      }
    },
    {
      "step_index": 7,
      "query": {
        "start_ts": 1766988436.5382817,
        "first_token_ts": 1766988436.7912004,
        "last_token_ts": 1766988450.9135447,
        "prefill_s": 0.25291872024536133,
        "decode_s": 14.122344255447388,
        "total_s": 14.375262975692749
      },
      "tool": {}
    },
    {
      "step_index": 8,
      "query": {
        "start_ts": 1766988450.914335,
        "first_token_ts": 1766988451.0817823,
        "last_token_ts": 1766988455.0952022,
        "prefill_s": 0.16744732856750488,
        "decode_s": 4.01341986656189,
        "total_s": 4.1808671951293945
      },
      "tool": {
        "start_ts": 1766988455.0952597,
        "action": "mkdir -p test_dir/symlink_to_target\nmkdir -p target_dir\necho 'def test_something(): assert True' > target_dir/test_target.py\nln -s $(pwd)/target_dir $(pwd)/test_dir/symlink_to_target\ncd test_dir && python -m pytest -v",
        "end_ts": 1766988455.5982997,
        "total_s": 0.503040075302124,
        "returncode": 5
      }
    },
    {
      "step_index": 9,
      "query": {
        "start_ts": 1766988455.601152,
        "first_token_ts": 1766988456.0809085,
        "last_token_ts": 1766988459.5968683,
        "prefill_s": 0.47975659370422363,
        "decode_s": 3.5159597396850586,
        "total_s": 3.9957163333892822
      },
      "tool": {
        "start_ts": 1766988459.5969243,
        "action": "sed -i 's/follow_symlinks=False//g' src/_pytest/pathlib.py",
        "end_ts": 1766988459.7533019,
        "total_s": 0.15637755393981934,
        "returncode": 0
      }
    },
    {
      "step_index": 10,
      "query": {
        "start_ts": 1766988459.7552757,
        "first_token_ts": 1766988459.9367003,
        "last_token_ts": 1766988461.295472,
        "prefill_s": 0.18142461776733398,
        "decode_s": 1.358771562576294,
        "total_s": 1.540196180343628
      },
      "tool": {
        "start_ts": 1766988461.2955291,
        "action": "cd test_dir && python -m pytest -v",
        "end_ts": 1766988461.640044,
        "total_s": 0.3445148468017578,
        "returncode": 0
      }
    },
    {
      "step_index": 11,
      "query": {
        "start_ts": 1766988461.6425712,
        "first_token_ts": 1766988461.9595735,
        "last_token_ts": 1766988468.7078288,
        "prefill_s": 0.3170022964477539,
        "decode_s": 6.748255252838135,
        "total_s": 7.065257549285889
      },
      "tool": {}
    },
    {
      "step_index": 12,
      "query": {
        "start_ts": 1766988468.7091756,
        "first_token_ts": 1766988469.0120294,
        "last_token_ts": 1766988471.1447134,
        "prefill_s": 0.3028538227081299,
        "decode_s": 2.1326839923858643,
        "total_s": 2.435537815093994
      },
      "tool": {
        "start_ts": 1766988471.1447632,
        "action": "rm -rf test_dir target_dir\necho COMPLETE_TASK_AND_SUBMIT_FINAL_OUTPUT && git add -A && git diff --cached",
        "end_ts": 1766988471.3285253,
        "total_s": 0.1837620735168457,
        "returncode": 0
      }
    }
  ]
}