{
  "instance_id": "scikit-learn__scikit-learn-10844",
  "env_prepare": {
    "start_ts": 1766988286.6638153,
    "end_ts": 1766988406.7165842,
    "total_s": 120.05276894569397,
    "environment_class": "docker",
    "image": "docker.io/swebench/sweb.eval.x86_64.scikit-learn_1776_scikit-learn-10844:latest"
  },
  "steps": [
    {
      "step_index": 1,
      "query": {
        "start_ts": 1766988406.7179856,
        "first_token_ts": 1766988406.9834023,
        "last_token_ts": 1766988409.17979,
        "prefill_s": 0.26541662216186523,
        "decode_s": 2.196387767791748,
        "total_s": 2.4618043899536133
      },
      "tool": {
        "start_ts": 1766988409.1798563,
        "action": "find /testbed -name \"supervised.py\" | grep -E \"sklearn|metrics|cluster\"",
        "end_ts": 1766988409.3336172,
        "total_s": 0.1537609100341797,
        "returncode": 0
      }
    },
    {
      "step_index": 2,
      "query": {
        "start_ts": 1766988409.3357282,
        "first_token_ts": 1766988409.6236382,
        "last_token_ts": 1766988411.5104778,
        "prefill_s": 0.28790998458862305,
        "decode_s": 1.8868396282196045,
        "total_s": 2.1747496128082275
      },
      "tool": {
        "start_ts": 1766988411.5105317,
        "action": "grep -n \"return tk / np.sqrt(pk \\* qk)\" /testbed/sklearn/metrics/cluster/supervised.py",
        "end_ts": 1766988411.7205691,
        "total_s": 0.2100374698638916,
        "returncode": 0
      }
    },
    {
      "step_index": 3,
      "query": {
        "start_ts": 1766988411.7228746,
        "first_token_ts": 1766988411.8081744,
        "last_token_ts": 1766988413.8571038,
        "prefill_s": 0.08529973030090332,
        "decode_s": 2.048929452896118,
        "total_s": 2.1342291831970215
      },
      "tool": {
        "start_ts": 1766988413.8572638,
        "action": "nl -ba /testbed/sklearn/metrics/cluster/supervised.py | sed -n '850,870p'",
        "end_ts": 1766988414.0372915,
        "total_s": 0.18002772331237793,
        "returncode": 0
      }
    },
    {
      "step_index": 4,
      "query": {
        "start_ts": 1766988414.0402415,
        "first_token_ts": 1766988414.2695572,
        "last_token_ts": 1766988416.1989086,
        "prefill_s": 0.22931575775146484,
        "decode_s": 1.9293513298034668,
        "total_s": 2.1586670875549316
      },
      "tool": {
        "start_ts": 1766988416.1989546,
        "action": "grep -A 20 \"def fowlkes_mallows_score\" /testbed/sklearn/metrics/cluster/supervised.py",
        "end_ts": 1766988416.3740854,
        "total_s": 0.17513084411621094,
        "returncode": 0
      }
    },
    {
      "step_index": 5,
      "query": {
        "start_ts": 1766988416.376215,
        "first_token_ts": 1766988416.5206316,
        "last_token_ts": 1766988426.093721,
        "prefill_s": 0.14441657066345215,
        "decode_s": 9.573089361190796,
        "total_s": 9.717505931854248
      },
      "tool": {}
    },
    {
      "step_index": 6,
      "query": {
        "start_ts": 1766988426.0949368,
        "first_token_ts": 1766988426.2893808,
        "last_token_ts": 1766988427.6278894,
        "prefill_s": 0.194443941116333,
        "decode_s": 1.3385086059570312,
        "total_s": 1.5329525470733643
      },
      "tool": {
        "start_ts": 1766988427.627947,
        "action": "cd /testbed && python reproduce_issue.py",
        "end_ts": 1766988427.811471,
        "total_s": 0.18352389335632324,
        "returncode": 2
      }
    },
    {
      "step_index": 7,
      "query": {
        "start_ts": 1766988427.8139179,
        "first_token_ts": 1766988428.0245352,
        "last_token_ts": 1766988428.968336,
        "prefill_s": 0.2106173038482666,
        "decode_s": 0.9438009262084961,
        "total_s": 1.1544182300567627
      },
      "tool": {
        "start_ts": 1766988428.9683852,
        "action": "ls -la /testbed/reproduce_issue.py",
        "end_ts": 1766988429.1270552,
        "total_s": 0.15866994857788086,
        "returncode": 2
      }
    },
    {
      "step_index": 8,
      "query": {
        "start_ts": 1766988429.1289282,
        "first_token_ts": 1766988429.2482212,
        "last_token_ts": 1766988438.3582456,
        "prefill_s": 0.1192929744720459,
        "decode_s": 9.110024452209473,
        "total_s": 9.229317426681519
      },
      "tool": {}
    },
    {
      "step_index": 9,
      "query": {
        "start_ts": 1766988438.3590834,
        "first_token_ts": 1766988438.6382816,
        "last_token_ts": 1766988444.5544126,
        "prefill_s": 0.27919816970825195,
        "decode_s": 5.916131019592285,
        "total_s": 6.195329189300537
      },
      "tool": {
        "start_ts": 1766988444.5544689,
        "action": "cd /testbed && python -c \"import numpy as np; from sklearn.metrics.cluster import fowlkes_mallows_score; labels_true = np.array([0] * 10000 + [1] * 10000); labels_pred = np.array([0] * 5000 + [1] * 5000 + [0] * 5000 + [1] * 5000); score = fowlkes_mallows_score(labels_true, labels_pred); print(f'Fowlkes-Mallows score: {score}')\"",
        "end_ts": 1766988445.1495607,
        "total_s": 0.5950918197631836,
        "returncode": 0
      }
    },
    {
      "step_index": 10,
      "query": {
        "start_ts": 1766988445.151502,
        "first_token_ts": 1766988445.2794325,
        "last_token_ts": 1766988452.4215205,
        "prefill_s": 0.1279306411743164,
        "decode_s": 7.142087936401367,
        "total_s": 7.270018577575684
      },
      "tool": {
        "start_ts": 1766988452.421586,
        "action": "cd /testbed && python -c \"import numpy as np; from sklearn.metrics.cluster import fowlkes_mallows_score; labels_true = np.array([0] * 100000 + [1] * 100000); labels_pred = np.array([0] * 50000 + [1] * 50000 + [0] * 50000 + [1] * 50000); score = fowlkes_mallows_score(labels_true, labels_pred); print(f'Fowlkes-Mallows score: {score}')\"",
        "end_ts": 1766988452.9750648,
        "total_s": 0.5534787178039551,
        "returncode": 0
      }
    },
    {
      "step_index": 11,
      "query": {
        "start_ts": 1766988452.977227,
        "first_token_ts": 1766988453.1193562,
        "last_token_ts": 1766988459.419917,
        "prefill_s": 0.14212918281555176,
        "decode_s": 6.30056095123291,
        "total_s": 6.442690134048462
      },
      "tool": {
        "start_ts": 1766988459.4199774,
        "action": "sed -i '859s/return tk \\/ np.sqrt(pk \\* qk)/return np.sqrt(tk \\/ pk) \\* np.sqrt(tk \\/ qk)/' /testbed/sklearn/metrics/cluster/supervised.py",
        "end_ts": 1766988459.616614,
        "total_s": 0.19663667678833008,
        "returncode": 0
      }
    },
    {
      "step_index": 12,
      "query": {
        "start_ts": 1766988459.6191123,
        "first_token_ts": 1766988459.732152,
        "last_token_ts": 1766988466.6553352,
        "prefill_s": 0.11303973197937012,
        "decode_s": 6.92318320274353,
        "total_s": 7.0362229347229
      },
      "tool": {
        "start_ts": 1766988466.6553915,
        "action": "cd /testbed && python -c \"import numpy as np; from sklearn.metrics.cluster import fowlkes_mallows_score; labels_true = np.array([0] * 100000 + [1] * 100000); labels_pred = np.array([0] * 50000 + [1] * 50000 + [0] * 50000 + [1] * 50000); score = fowlkes_mallows_score(labels_true, labels_pred); print(f'Fowlkes-Mallows score: {score}')\"",
        "end_ts": 1766988467.262747,
        "total_s": 0.6073555946350098,
        "returncode": 0
      }
    },
    {
      "step_index": 13,
      "query": {
        "start_ts": 1766988467.2654402,
        "first_token_ts": 1766988467.5487876,
        "last_token_ts": 1766988474.462069,
        "prefill_s": 0.28334736824035645,
        "decode_s": 6.913281440734863,
        "total_s": 7.19662880897522
      },
      "tool": {
        "start_ts": 1766988474.4621208,