{
  "instance_id": "pylint-dev__pylint-6528",
  "env_prepare": {
    "start_ts": 1766988275.94075,
    "end_ts": 1766988347.3432815,
    "total_s": 71.40253162384033,
    "environment_class": "docker",
    "image": "docker.io/swebench/sweb.eval.x86_64.pylint-dev_1776_pylint-6528:latest"
  },
  "steps": [
    {
      "step_index": 1,
      "query": {
        "start_ts": 1766988347.3445454,
        "first_token_ts": 1766988347.527026,
        "last_token_ts": 1766988350.221191,
        "prefill_s": 0.1824805736541748,
        "decode_s": 2.694164991378784,
        "total_s": 2.876645565032959
      },
      "tool": {
        "start_ts": 1766988350.221243,
        "action": "find /testbed -type f -name \"*.py\" | grep -v \"__pycache__\" | sort",
        "end_ts": 1766988350.493678,
        "total_s": 0.27243518829345703,
        "returncode": 0
      }
    },
    {
      "step_index": 2,
      "query": {
        "start_ts": 1766988350.4958787,
        "first_token_ts": 1766988350.7316425,
        "last_token_ts": 1766988354.7824814,
        "prefill_s": 0.2357637882232666,
        "decode_s": 4.050838947296143,
        "total_s": 4.286602735519409
      },
      "tool": {
        "start_ts": 1766988354.7825418,
        "action": "find /testbed -type f -name \"*.py\" | grep -E \"cli|command|main|run\" | sort",
        "end_ts": 1766988354.9614315,
        "total_s": 0.17888975143432617,
        "returncode": 0
      }
    },
    {
      "step_index": 3,
      "query": {
        "start_ts": 1766988354.9630806,
        "first_token_ts": 1766988355.2578375,
        "last_token_ts": 1766988357.139353,
        "prefill_s": 0.2947568893432617,
        "decode_s": 1.8815155029296875,
        "total_s": 2.176272392272949
      },
      "tool": {
        "start_ts": 1766988357.139397,
        "action": "cat /testbed/pylint/lint/run.py",
        "end_ts": 1766988357.317281,
        "total_s": 0.17788410186767578,
        "returncode": 0
      }
    },
    {
      "step_index": 4,
      "query": {
        "start_ts": 1766988357.3191526,
        "first_token_ts": 1766988357.6802347,
        "last_token_ts": 1766988360.8595781,
        "prefill_s": 0.3610820770263672,
        "decode_s": 3.1793434619903564,
        "total_s": 3.5404255390167236
      },
      "tool": {
        "start_ts": 1766988360.8596358,
        "action": "find /testbed -type f -name \"*.py\" | grep -E \"file|discover|path\" | sort",
        "end_ts": 1766988361.02707,
        "total_s": 0.1674342155456543,
        "returncode": 0
      }
    },
    {
      "step_index": 5,
      "query": {
        "start_ts": 1766988361.029678,
        "first_token_ts": 1766988361.4891677,
        "last_token_ts": 1766988363.8504174,
        "prefill_s": 0.4594895839691162,
        "decode_s": 2.3612496852874756,
        "total_s": 2.820739269256592
      },
      "tool": {
        "start_ts": 1766988363.850465,
        "action": "find /testbed -type f -name \"*.py\" | grep -E \"test.*ignore|test.*path\" | sort",
        "end_ts": 1766988364.0003304,
        "total_s": 0.14986538887023926,
        "returncode": 0
      }
    },
    {
      "step_index": 6,
      "query": {
        "start_ts": 1766988364.0029528,
        "first_token_ts": 1766988364.1467805,
        "last_token_ts": 1766988366.4703276,
        "prefill_s": 0.1438276767730713,
        "decode_s": 2.323547124862671,
        "total_s": 2.467374801635742
      },
      "tool": {
        "start_ts": 1766988366.4703836,
        "action": "find /testbed -type f -name \"*.py\" | xargs grep -l \"ignore-patterns\" | sort",
        "end_ts": 1766988366.6325998,
        "total_s": 0.1622161865234375,
        "returncode": 0
      }
    },
    {
      "step_index": 7,
      "query": {
        "start_ts": 1766988366.6347103,
        "first_token_ts": 1766988366.7905216,
        "last_token_ts": 1766988368.6227374,
        "prefill_s": 0.15581130981445312,
        "decode_s": 1.8322157859802246,
        "total_s": 1.9880270957946777
      },
      "tool": {
        "start_ts": 1766988368.622792,
        "action": "cat /testbed/pylint/lint/base_options.py",
        "end_ts": 1766988368.7850103,
        "total_s": 0.16221833229064941,
        "returncode": 0
      }
    },
    {
      "step_index": 8,
      "query": {
        "start_ts": 1766988368.787716,
        "first_token_ts": 1766988369.0259593,
        "last_token_ts": 1766988370.919333,
        "prefill_s": 0.23824334144592285,
        "decode_s": 1.893373727798462,
        "total_s": 2.1316170692443848
      },
      "tool": {
        "start_ts": 1766988370.9194152,
        "action": "find /testbed -type f -name \"*.py\" | xargs grep -l \"recursive\" | sort",
        "end_ts": 1766988371.1495302,
        "total_s": 0.23011493682861328,
        "returncode": 0
      }
    },
    {
      "step_index": 9,
      "query": {
        "start_ts": 1766988371.152293,
        "first_token_ts": 1766988371.5314841,
        "last_token_ts": 1766988373.410938,
        "prefill_s": 0.37919116020202637,
        "decode_s": 1.8794538974761963,
        "total_s": 2.2586450576782227
      },
      "tool": {
        "start_ts": 1766988373.410988,
        "action": "cat /testbed/pylint/lint/pylinter.py | grep -A 20 \"recursive\"",
        "end_ts": 1766988373.5764103,
        "total_s": 0.1654222011566162,
        "returncode": 0
      }
    },
    {
      "step_index": 10,
      "query": {
        "start_ts": 1766988373.578391,
        "first_token_ts": 1766988373.9869225,
        "last_token_ts": 1766988375.8903327,
        "prefill_s": 0.40853142738342285,
        "decode_s": 1.9034101963043213,
        "total_s": 2.311941623687744
      },
      "tool": {
        "start_ts": 1766988375.8903935,
        "action": "cat /testbed/pylint/lint/pylinter.py | grep -A 50 \"_discover_files\"",
        "end_ts": 1766988376.055503,
        "total_s": 0.16510939598083496,
        "returncode": 0
      }
    },
    {
      "step_index": 11,
      "query": {
        "start_ts": 1766988376.0586152,
        "first_token_ts": 1766988376.2982385,
        "last_token_ts": 1766988378.5554607,
        "prefill_s": 0.2396233081817627,
        "decode_s": 2.2572221755981445,
        "total_s": 2.4968454837799072
      },
      "tool": {
        "start_ts": 1766988378.5555248,
        "action": "grep -n -A 50 \"_discover_files\" /testbed/pylint/lint/pylinter.py",
        "end_ts": 1766988378.7411656,
        "total_s": 0.18564081192016602,
        "returncode": 0
      }
    },
    {
      "step_index": 12,
      "query": {
        "start_ts": 1766988378.743994,
        "first_token_ts": 1766988378.9380157,
        "last_token_ts": 1766988380.9004893,
        "prefill_s": 0.19402170181274414,
        "decode_s": 1.9624736309051514,
        "total_s": 2.1564953327178955
      },
      "tool": {
        "start_ts": 1766988380.9005358,
        "action": "grep -n -A 20 \"black_list\" /testbed/pylint/lint/pylinter.py",
        "end_ts": 1766988381.0787745,
        "total_s": 0.1782386302947998,
        "returncode": 1
      }
    },
    {
      "step_index": 13,
      "query": {
        "start_ts": 1766988381.0809433,
        "first_token_ts": 1766988381.533476,
        "last_token_ts": 1766988384.3300102,
        "prefill_s": 0.4525327682495117,
        "decode_s": 2.7965340614318848,
        "total_s": 3.2490668296813965
      },
      "tool": {
        "start_ts": 1766988384.3300633,
        "action": "grep -n -A 50 \"__init__\" /testbed/pylint/lint/pylinter.py | head -n 100",
        "end_ts": 1766988384.4956408,
        "total_s": 0.16557741165161133,
        "returncode": 0
      }
    },
    {
      "step_index": 14,
      "query": {
        "start_ts": 1766988384.4985476,
        "first_token_ts": 1766988384.9324286,
        "last_token_ts": 1766988387.9889185,
        "prefill_s": 0.4338810443878174,
        "decode_s": 3.056489944458008,
        "total_s": 3.490370988845825
      },
      "tool": {
        "start_ts": 1766988387.9889674,